Using pre-set license
Built from '2022.3/china_unity/release' branch; Version is '2022.3.62f2c1 (92e6e6be66dc) revision 9627366'; Using compiler version '192829333'; Build Type 'Release'
OS: 'Windows 11  (10.0.26200) 64bit Core' Language: 'en' Physical Memory: 32443 MB
BatchMode: 1, IsHumanControllingUs: 0, StartBugReporterOnCrash: 0, Is64bit: 1, IsPro: 1

COMMAND LINE ARGUMENTS:
C:\Program Files\Unity\Hub\Editor\2022.3.62f2c1\Editor\Unity.exe
-adb2
-batchMode
-noUpm
-name
AssetImportWorker0
-projectPath
C:/Repo/Blue-Star
-logFile
Logs/AssetImportWorker0.log
-srvPort
61697
Successfully changed project path to: C:/Repo/Blue-Star
C:/Repo/Blue-Star
[UnityMemory] Configuration Parameters - Can be set up in boot.config
    "memorysetup-bucket-allocator-granularity=16"
    "memorysetup-bucket-allocator-bucket-count=8"
    "memorysetup-bucket-allocator-block-size=33554432"
    "memorysetup-bucket-allocator-block-count=8"
    "memorysetup-main-allocator-block-size=16777216"
    "memorysetup-thread-allocator-block-size=16777216"
    "memorysetup-gfx-main-allocator-block-size=16777216"
    "memorysetup-gfx-thread-allocator-block-size=16777216"
    "memorysetup-cache-allocator-block-size=4194304"
    "memorysetup-typetree-allocator-block-size=2097152"
    "memorysetup-profiler-bucket-allocator-granularity=16"
    "memorysetup-profiler-bucket-allocator-bucket-count=8"
    "memorysetup-profiler-bucket-allocator-block-size=33554432"
    "memorysetup-profiler-bucket-allocator-block-count=8"
    "memorysetup-profiler-allocator-block-size=16777216"
    "memorysetup-profiler-editor-allocator-block-size=1048576"
    "memorysetup-temp-allocator-size-main=16777216"
    "memorysetup-job-temp-allocator-block-size=2097152"
    "memorysetup-job-temp-allocator-block-size-background=1048576"
    "memorysetup-job-temp-allocator-reduction-small-platforms=262144"
    "memorysetup-allocator-temp-initial-block-size-main=262144"
    "memorysetup-allocator-temp-initial-block-size-worker=262144"
    "memorysetup-temp-allocator-size-background-worker=32768"
    "memorysetup-temp-allocator-size-job-worker=262144"
    "memorysetup-temp-allocator-size-preload-manager=33554432"
    "memorysetup-temp-allocator-size-nav-mesh-worker=65536"
    "memorysetup-temp-allocator-size-audio-worker=65536"
    "memorysetup-temp-allocator-size-cloud-worker=32768"
    "memorysetup-temp-allocator-size-gi-baking-worker=262144"
    "memorysetup-temp-allocator-size-gfx=262144"
Player connection [33420]  Target information:

Player connection [33420]  * "[IP] 10.2.0.2 [Port] 0 [Flags] 2 [Guid] 6360443 [EditorId] 6360443 [Version] 1048832 [Id] WindowsEditor(7,DESKTOP-9899OK4) [Debug] 1 [PackageName] WindowsEditor [ProjectName] Editor" 

Player connection [33420]  * "[IP] 192.168.1.60 [Port] 0 [Flags] 2 [Guid] 6360443 [EditorId] 6360443 [Version] 1048832 [Id] WindowsEditor(7,DESKTOP-9899OK4) [Debug] 1 [PackageName] WindowsEditor [ProjectName] Editor" 

Player connection [33420] Host joined multi-casting on [225.0.0.222:54997]...
Player connection [33420] Host joined alternative multi-casting on [225.0.0.222:34997]...
Input System module state changed to: Initialized.
[PhysX] Initialized MultithreadedTaskDispatcher with 16 workers.
Refreshing native plugins compatible for Editor in 34.06 ms, found 4 plugins.
Preloading 0 native plugins for Editor in 0.00 ms.
Initialize engine version: 2022.3.62f2c1 (92e6e6be66dc)
[Subsystems] Discovering subsystems at path C:/Program Files/Unity/Hub/Editor/2022.3.62f2c1/Editor/Data/Resources/UnitySubsystems
[Subsystems] Discovering subsystems at path C:/Repo/Blue-Star/Assets
GfxDevice: creating device client; threaded=0; jobified=0
Direct3D:
    Version:  Direct3D 11.0 [level 11.1]
    Renderer: NVIDIA GeForce RTX 3070 (ID=0x2484)
    Vendor:   NVIDIA
    VRAM:     8018 MB
    Driver:   32.0.15.9595
Initialize mono
Mono path[0] = 'C:/Program Files/Unity/Hub/Editor/2022.3.62f2c1/Editor/Data/Managed'
Mono path[1] = 'C:/Program Files/Unity/Hub/Editor/2022.3.62f2c1/Editor/Data/MonoBleedingEdge/lib/mono/unityjit-win32'
Mono config path = 'C:/Program Files/Unity/Hub/Editor/2022.3.62f2c1/Editor/Data/MonoBleedingEdge/etc'
Using monoOptions --debugger-agent=transport=dt_socket,embedding=1,server=y,suspend=n,address=127.0.0.1:56916
Begin MonoManager ReloadAssembly
Registering precompiled unity dll's ...
Register platform support module: C:/Program Files/Unity/Hub/Editor/2022.3.62f2c1/Editor/Data/PlaybackEngines/WebGLSupport/UnityEditor.WebGL.Extensions.dll
Register platform support module: C:/Program Files/Unity/Hub/Editor/2022.3.62f2c1/Editor/Data/PlaybackEngines/WindowsStandaloneSupport/UnityEditor.WindowsStandalone.Extensions.dll
Registered in 0.015999 seconds.
- Loaded All Assemblies, in  0.454 seconds
Native extension for WindowsStandalone target not found
Native extension for WebGL target not found
Mono: successfully reloaded assembly
- Finished resetting the current domain, in  0.318 seconds
Domain Reload Profiling: 770ms
	BeginReloadAssembly (151ms)
		ExecutionOrderSort (0ms)
		DisableScriptedObjects (0ms)
		BackupInstance (0ms)
		ReleaseScriptingObjects (0ms)
		CreateAndSetChildDomain (1ms)
	RebuildCommonClasses (42ms)
	RebuildNativeTypeToScriptingClass (14ms)
	initialDomainReloadingComplete (76ms)
	LoadAllAssembliesAndSetupDomain (169ms)
		LoadAssemblies (148ms)
		RebuildTransferFunctionScriptingTraits (0ms)
		AnalyzeDomain (166ms)
			TypeCache.Refresh (164ms)
				TypeCache.ScanAssembly (149ms)
			ScanForSourceGeneratedMonoScriptInfo (1ms)
			ResolveRequiredComponents (1ms)
	FinalizeReload (318ms)
		ReleaseScriptCaches (0ms)
		RebuildScriptCaches (0ms)
		SetupLoadedEditorAssemblies (261ms)
			LogAssemblyErrors (0ms)
			InitializePlatformSupportModulesInManaged (16ms)
			SetLoadedEditorAssemblies (6ms)
			RefreshPlugins (0ms)
			BeforeProcessingInitializeOnLoad (3ms)
			ProcessInitializeOnLoadAttributes (180ms)
			ProcessInitializeOnLoadMethodAttributes (56ms)
			AfterProcessingInitializeOnLoad (0ms)
			EditorAssembliesLoaded (0ms)
		ExecutionOrderSort2 (0ms)
		AwakeInstancesAfterBackupRestoration (0ms)
========================================================================
Worker process is ready to serve import requests
Caller must complete domain reload
0x00007ff76292ffdd (Unity) StackWalker::GetCurrentCallstack
0x00007ff7629350b9 (Unity) StackWalker::ShowCallstack
0x00007ff7638f3f71 (Unity) GetStacktrace
0x00007ff763fa6cfe (Unity) DebugStringToFile
0x00007ff763fa6a3a (Unity) AssertImplementation
0x00007ff7637990dc (Unity) Internal_ADB_WorkerOnly_DomainReload
0x00007ff763c72074 (Unity) WorkerDomainReloadV2
0x00007ff763c93f2f (Unity) <lambda_da96967c329e6f41d0d4cd6913af2336>::operator()
0x00007ff763ccec52 (Unity) asio::detail::completion_handler<core::mutable_function<void __cdecl(void)>,asio::io_context::basic_executor_type<std::allocator<void>,0> >::do_complete
0x00007ff763cbabfe (Unity) asio::detail::win_iocp_io_context::do_one
0x00007ff763cbc82e (Unity) asio::detail::win_iocp_io_context::run
0x00007ff763cccffc (Unity) IOService::Run
0x00007ff763ca043f (Unity) AssetImportWorkerClient::Run
0x00007ff763c6bc27 (Unity) RunAssetImportWorkerClientV2
0x00007ff763c6bcab (Unity) RunAssetImporterV2
0x00007ff76348369e (Unity) Application::InitializeProject
0x00007ff7638fec25 (Unity) WinMain
0x00007ff764cc21fe (Unity) __scrt_common_main_seh
0x00007ff9be20e957 (KERNEL32) BaseThreadInitThunk
0x00007ff9c03e7c1c (ntdll) RtlUserThreadStart

Begin MonoManager ReloadAssembly
- Loaded All Assemblies, in  0.860 seconds
Native extension for WindowsStandalone target not found
Native extension for WebGL target not found
Package Manager log level set to [2]
[Package Manager] Server::EnsureServerProcessIsRunning -- launch failed, reason: Unity was launched with the -noUpm command-line argument
[Package Manager] UpmClient::Send -- Unable to send message (not connected to UPM process).
[Package Manager] Cannot connect to Unity Package Manager local server
Mono: successfully reloaded assembly
- Finished resetting the current domain, in  0.903 seconds
Domain Reload Profiling: 1757ms
	BeginReloadAssembly (193ms)
		ExecutionOrderSort (0ms)
		DisableScriptedObjects (9ms)
		BackupInstance (0ms)
		ReleaseScriptingObjects (0ms)
		CreateAndSetChildDomain (28ms)
	RebuildCommonClasses (41ms)
	RebuildNativeTypeToScriptingClass (14ms)
	initialDomainReloadingComplete (41ms)
	LoadAllAssembliesAndSetupDomain (564ms)
		LoadAssemblies (478ms)
		RebuildTransferFunctionScriptingTraits (0ms)
		AnalyzeDomain (197ms)
			TypeCache.Refresh (162ms)
				TypeCache.ScanAssembly (146ms)
			ScanForSourceGeneratedMonoScriptInfo (23ms)
			ResolveRequiredComponents (9ms)
	FinalizeReload (904ms)
		ReleaseScriptCaches (0ms)
		RebuildScriptCaches (0ms)
		SetupLoadedEditorAssemblies (714ms)
			LogAssemblyErrors (0ms)
			InitializePlatformSupportModulesInManaged (10ms)
			SetLoadedEditorAssemblies (5ms)
			RefreshPlugins (0ms)
			BeforeProcessingInitializeOnLoad (141ms)
			ProcessInitializeOnLoadAttributes (458ms)
			ProcessInitializeOnLoadMethodAttributes (87ms)
			AfterProcessingInitializeOnLoad (12ms)
			EditorAssembliesLoaded (0ms)
		ExecutionOrderSort2 (0ms)
		AwakeInstancesAfterBackupRestoration (8ms)
Launched and connected shader compiler UnityShaderCompiler.exe after 0.08 seconds
Refreshing native plugins compatible for Editor in 20.65 ms, found 4 plugins.
Preloading 0 native plugins for Editor in 0.00 ms.
Unloading 4017 Unused Serialized files (Serialized files now loaded: 0)
Unloading 33 unused Assets / (346.5 KB). Loaded Objects now: 4518.
Memory consumption went from 200.8 MB to 200.4 MB.
Total: 4.127100 ms (FindLiveObjects: 0.390800 ms CreateObjectMapping: 0.194700 ms MarkObjects: 3.325400 ms  DeleteObjects: 0.213900 ms)

AssetImportParameters requested are different than current active one (requested -> active):
  custom:container-demuxer-ogg: 62fdf1f143b41e24485cea50d1cbac27 -> 
  custom:video-codec-MediaFoundation-h265: 746d11721c4dcdbdad8f713fa42b33f4 -> 
  custom:video-decoder-ogg-theora: a1e56fd34408186e4bbccfd4996cb3dc -> 
  custom:framework-win-MediaFoundation: 216162199b28c13a410421893ffa2e32 -> 
  custom:CustomObjectIndexerAttribute: 72b91833f83ae208fae7752999fa3104 -> 
  custom:container-demuxer-webm: 4f35f7cbe854078d1ac9338744f61a02 -> 
  custom:container-muxer-webm: aa71ff27fc2769a1b78a27578f13a17b -> 
  custom:video-decoder-webm-vp8: 9c59270c3fd7afecdb556c50c9e8de78 -> 
  custom:SearchIndexIgnoredProperties: e643bd26f0fe6173181afceb89e7c659 -> 
  custom:AudioImporter_EditorPlatform: d09bf68614088b80899f8185d706f6e7 -> 
  custom:video-encoder-webm-vp8: eb34c28f22e8b96e1ab97ce403110664 -> 
  custom:audio-decoder-ogg-vorbis: bf7c407c2cedff20999df2af8eb42d56 -> 
  custom:audio-encoder-webm-vorbis: bf7c407c2cedff20999df2af8eb42d56 -> 
========================================================================
Received Import Request.
  Time since last request: 2021497.548145 seconds.
  path: Assets/Organic assets/05 Scripts/04 - Player/Appearance/BodyAppearanceSwapper.cs
  artifactKey: Guid(3e8cbe4b038d6b045af45833e91a58fc) Importer(815301076,1909f56bfc062723c751e8b465ee728b)
Start importing Assets/Organic assets/05 Scripts/04 - Player/Appearance/BodyAppearanceSwapper.cs using Guid(3e8cbe4b038d6b045af45833e91a58fc) Importer(815301076,1909f56bfc062723c751e8b465ee728b) [PhysX] Initialized MultithreadedTaskDispatcher with 16 workers.
 -> (artifact id: '3c3c835e26bb51d8d2e9a3026ba3ecaa') in 0.002888 seconds
Number of updated asset objects reloaded before import = 0
Number of asset objects unloaded after import = 0
========================================================================
Received Import Request.
  Time since last request: 213.092796 seconds.
  path: Assets/Organic assets/05 Scripts/04 - Player/Appearance/BodyAppearanceSwapper.cs
  artifactKey: Guid(3e8cbe4b038d6b045af45833e91a58fc) Importer(815301076,1909f56bfc062723c751e8b465ee728b)
Start importing Assets/Organic assets/05 Scripts/04 - Player/Appearance/BodyAppearanceSwapper.cs using Guid(3e8cbe4b038d6b045af45833e91a58fc) Importer(815301076,1909f56bfc062723c751e8b465ee728b) [PhysX] Initialized MultithreadedTaskDispatcher with 16 workers.
 -> (artifact id: 'dd87c07cf1a55fcd41a3e57309e20181') in 0.000924 seconds
Number of updated asset objects reloaded before import = 0
Number of asset objects unloaded after import = 0
========================================================================
Received Prepare
Caller must complete domain reload
0x00007ff76292ffdd (Unity) StackWalker::GetCurrentCallstack
0x00007ff7629350b9 (Unity) StackWalker::ShowCallstack
0x00007ff7638f3f71 (Unity) GetStacktrace
0x00007ff763fa6cfe (Unity) DebugStringToFile
0x00007ff763fa6a3a (Unity) AssertImplementation
0x00007ff7637990dc (Unity) Internal_ADB_WorkerOnly_DomainReload
0x00007ff763c72074 (Unity) WorkerDomainReloadV2
0x00007ff763c93985 (Unity) <lambda_a8cef15c13bd9ac3f7eff79c3cefd4ad>::operator()
0x00007ff763ccec52 (Unity) asio::detail::completion_handler<core::mutable_function<void __cdecl(void)>,asio::io_context::basic_executor_type<std::allocator<void>,0> >::do_complete
0x00007ff763cbabfe (Unity) asio::detail::win_iocp_io_context::do_one
0x00007ff763cbc864 (Unity) asio::detail::win_iocp_io_context::run
0x00007ff763cccffc (Unity) IOService::Run
0x00007ff763ca043f (Unity) AssetImportWorkerClient::Run
0x00007ff763c6bc27 (Unity) RunAssetImportWorkerClientV2
0x00007ff763c6bcab (Unity) RunAssetImporterV2
0x00007ff76348369e (Unity) Application::InitializeProject
0x00007ff7638fec25 (Unity) WinMain
0x00007ff764cc21fe (Unity) __scrt_common_main_seh
0x00007ff9be20e957 (KERNEL32) BaseThreadInitThunk
0x00007ff9c03e7c1c (ntdll) RtlUserThreadStart

Begin MonoManager ReloadAssembly
- Loaded All Assemblies, in  1.106 seconds
Native extension for WindowsStandalone target not found
Native extension for WebGL target not found
[Package Manager] Server::EnsureServerProcessIsRunning -- launch failed, reason: Unity was launched with the -noUpm command-line argument
[Package Manager] UpmClient::Send -- Unable to send message (not connected to UPM process).
[Package Manager] Cannot connect to Unity Package Manager local server
Mono: successfully reloaded assembly
- Finished resetting the current domain, in  1.705 seconds
Domain Reload Profiling: 2806ms
	BeginReloadAssembly (646ms)
		ExecutionOrderSort (0ms)
		DisableScriptedObjects (225ms)
		BackupInstance (0ms)
		ReleaseScriptingObjects (0ms)
		CreateAndSetChildDomain (46ms)
	RebuildCommonClasses (45ms)
	RebuildNativeTypeToScriptingClass (13ms)
	initialDomainReloadingComplete (41ms)
	LoadAllAssembliesAndSetupDomain (355ms)
		LoadAssemblies (426ms)
		RebuildTransferFunctionScriptingTraits (0ms)
		AnalyzeDomain (45ms)
			TypeCache.Refresh (10ms)
				TypeCache.ScanAssembly (2ms)
			ScanForSourceGeneratedMonoScriptInfo (24ms)
			ResolveRequiredComponents (9ms)
	FinalizeReload (1705ms)
		ReleaseScriptCaches (0ms)
		RebuildScriptCaches (0ms)
		SetupLoadedEditorAssemblies (655ms)
			LogAssemblyErrors (0ms)
			InitializePlatformSupportModulesInManaged (11ms)
			SetLoadedEditorAssemblies (5ms)
			RefreshPlugins (0ms)
			BeforeProcessingInitializeOnLoad (126ms)
			ProcessInitializeOnLoadAttributes (418ms)
			ProcessInitializeOnLoadMethodAttributes (82ms)
			AfterProcessingInitializeOnLoad (14ms)
			EditorAssembliesLoaded (0ms)
		ExecutionOrderSort2 (0ms)
		AwakeInstancesAfterBackupRestoration (17ms)
Refreshing native plugins compatible for Editor in 21.14 ms, found 4 plugins.
Preloading 0 native plugins for Editor in 0.00 ms.
Unloading 3854 Unused Serialized files (Serialized files now loaded: 0)
Unloading 23 unused Assets / (346.8 KB). Loaded Objects now: 4523.
Memory consumption went from 172.3 MB to 172.0 MB.
Total: 3.688800 ms (FindLiveObjects: 0.311900 ms CreateObjectMapping: 0.189900 ms MarkObjects: 3.007700 ms  DeleteObjects: 0.176800 ms)

Prepare: number of updated asset objects reloaded= 0
AssetImportParameters requested are different than current active one (requested -> active):
  custom:container-demuxer-ogg: 62fdf1f143b41e24485cea50d1cbac27 -> 
  custom:video-codec-MediaFoundation-h265: 746d11721c4dcdbdad8f713fa42b33f4 -> 
  custom:video-decoder-ogg-theora: a1e56fd34408186e4bbccfd4996cb3dc -> 
  custom:framework-win-MediaFoundation: 216162199b28c13a410421893ffa2e32 -> 
  custom:CustomObjectIndexerAttribute: 72b91833f83ae208fae7752999fa3104 -> 
  custom:container-demuxer-webm: 4f35f7cbe854078d1ac9338744f61a02 -> 
  custom:container-muxer-webm: aa71ff27fc2769a1b78a27578f13a17b -> 
  custom:video-decoder-webm-vp8: 9c59270c3fd7afecdb556c50c9e8de78 -> 
  custom:SearchIndexIgnoredProperties: e643bd26f0fe6173181afceb89e7c659 -> 
  custom:AudioImporter_EditorPlatform: d09bf68614088b80899f8185d706f6e7 -> 
  custom:video-encoder-webm-vp8: eb34c28f22e8b96e1ab97ce403110664 -> 
  custom:audio-decoder-ogg-vorbis: bf7c407c2cedff20999df2af8eb42d56 -> 
  custom:audio-encoder-webm-vorbis: bf7c407c2cedff20999df2af8eb42d56 -> 
========================================================================
Received Prepare
Caller must complete domain reload
0x00007ff76292ffdd (Unity) StackWalker::GetCurrentCallstack
0x00007ff7629350b9 (Unity) StackWalker::ShowCallstack
0x00007ff7638f3f71 (Unity) GetStacktrace
0x00007ff763fa6cfe (Unity) DebugStringToFile
0x00007ff763fa6a3a (Unity) AssertImplementation
0x00007ff7637990dc (Unity) Internal_ADB_WorkerOnly_DomainReload
0x00007ff763c72074 (Unity) WorkerDomainReloadV2
0x00007ff763c93985 (Unity) <lambda_a8cef15c13bd9ac3f7eff79c3cefd4ad>::operator()
0x00007ff763ccec52 (Unity) asio::detail::completion_handler<core::mutable_function<void __cdecl(void)>,asio::io_context::basic_executor_type<std::allocator<void>,0> >::do_complete
0x00007ff763cbabfe (Unity) asio::detail::win_iocp_io_context::do_one
0x00007ff763cbc864 (Unity) asio::detail::win_iocp_io_context::run
0x00007ff763cccffc (Unity) IOService::Run
0x00007ff763ca043f (Unity) AssetImportWorkerClient::Run
0x00007ff763c6bc27 (Unity) RunAssetImportWorkerClientV2
0x00007ff763c6bcab (Unity) RunAssetImporterV2
0x00007ff76348369e (Unity) Application::InitializeProject
0x00007ff7638fec25 (Unity) WinMain
0x00007ff764cc21fe (Unity) __scrt_common_main_seh
0x00007ff9be20e957 (KERNEL32) BaseThreadInitThunk
0x00007ff9c03e7c1c (ntdll) RtlUserThreadStart

Begin MonoManager ReloadAssembly
- Loaded All Assemblies, in  1.077 seconds
Native extension for WindowsStandalone target not found
Native extension for WebGL target not found
[Package Manager] Server::EnsureServerProcessIsRunning -- launch failed, reason: Unity was launched with the -noUpm command-line argument
[Package Manager] UpmClient::Send -- Unable to send message (not connected to UPM process).
[Package Manager] Cannot connect to Unity Package Manager local server
Mono: successfully reloaded assembly
- Finished resetting the current domain, in  1.761 seconds
Domain Reload Profiling: 2832ms
	BeginReloadAssembly (635ms)
		ExecutionOrderSort (0ms)
		DisableScriptedObjects (17ms)
		BackupInstance (0ms)
		ReleaseScriptingObjects (0ms)
		CreateAndSetChildDomain (42ms)
	RebuildCommonClasses (41ms)
	RebuildNativeTypeToScriptingClass (12ms)
	initialDomainReloadingComplete (41ms)
	LoadAllAssembliesAndSetupDomain (341ms)
		LoadAssemblies (427ms)
		RebuildTransferFunctionScriptingTraits (0ms)
		AnalyzeDomain (18ms)
			TypeCache.Refresh (7ms)
				TypeCache.ScanAssembly (0ms)
			ScanForSourceGeneratedMonoScriptInfo (0ms)
			ResolveRequiredComponents (10ms)
	FinalizeReload (1761ms)
		ReleaseScriptCaches (0ms)
		RebuildScriptCaches (0ms)
		SetupLoadedEditorAssemblies (739ms)
			LogAssemblyErrors (0ms)
			InitializePlatformSupportModulesInManaged (12ms)
			SetLoadedEditorAssemblies (6ms)
			RefreshPlugins (0ms)
			BeforeProcessingInitializeOnLoad (136ms)
			ProcessInitializeOnLoadAttributes (485ms)
			ProcessInitializeOnLoadMethodAttributes (87ms)
			AfterProcessingInitializeOnLoad (12ms)
			EditorAssembliesLoaded (0ms)
		ExecutionOrderSort2 (0ms)
		AwakeInstancesAfterBackupRestoration (21ms)
Refreshing native plugins compatible for Editor in 32.31 ms, found 4 plugins.
Preloading 0 native plugins for Editor in 0.00 ms.
Unloading 3854 Unused Serialized files (Serialized files now loaded: 0)
Unloading 22 unused Assets / (346.8 KB). Loaded Objects now: 4527.
Memory consumption went from 172.3 MB to 172.0 MB.
Total: 5.259100 ms (FindLiveObjects: 0.478000 ms CreateObjectMapping: 0.315200 ms MarkObjects: 4.091800 ms  DeleteObjects: 0.371600 ms)

Prepare: number of updated asset objects reloaded= 0
AssetImportParameters requested are different than current active one (requested -> active):
  custom:container-demuxer-ogg: 62fdf1f143b41e24485cea50d1cbac27 -> 
  custom:video-codec-MediaFoundation-h265: 746d11721c4dcdbdad8f713fa42b33f4 -> 
  custom:video-decoder-ogg-theora: a1e56fd34408186e4bbccfd4996cb3dc -> 
  custom:framework-win-MediaFoundation: 216162199b28c13a410421893ffa2e32 -> 
  custom:CustomObjectIndexerAttribute: 72b91833f83ae208fae7752999fa3104 -> 
  custom:container-demuxer-webm: 4f35f7cbe854078d1ac9338744f61a02 -> 
  custom:container-muxer-webm: aa71ff27fc2769a1b78a27578f13a17b -> 
  custom:video-decoder-webm-vp8: 9c59270c3fd7afecdb556c50c9e8de78 -> 
  custom:SearchIndexIgnoredProperties: e643bd26f0fe6173181afceb89e7c659 -> 
  custom:AudioImporter_EditorPlatform: d09bf68614088b80899f8185d706f6e7 -> 
  custom:video-encoder-webm-vp8: eb34c28f22e8b96e1ab97ce403110664 -> 
  custom:audio-decoder-ogg-vorbis: bf7c407c2cedff20999df2af8eb42d56 -> 
  custom:audio-encoder-webm-vorbis: bf7c407c2cedff20999df2af8eb42d56 -> 
========================================================================
Received Prepare
Caller must complete domain reload
0x00007ff76292ffdd (Unity) StackWalker::GetCurrentCallstack
0x00007ff7629350b9 (Unity) StackWalker::ShowCallstack
0x00007ff7638f3f71 (Unity) GetStacktrace
0x00007ff763fa6cfe (Unity) DebugStringToFile
0x00007ff763fa6a3a (Unity) AssertImplementation
0x00007ff7637990dc (Unity) Internal_ADB_WorkerOnly_DomainReload
0x00007ff763c72074 (Unity) WorkerDomainReloadV2
0x00007ff763c93985 (Unity) <lambda_a8cef15c13bd9ac3f7eff79c3cefd4ad>::operator()
0x00007ff763ccec52 (Unity) asio::detail::completion_handler<core::mutable_function<void __cdecl(void)>,asio::io_context::basic_executor_type<std::allocator<void>,0> >::do_complete
0x00007ff763cbabfe (Unity) asio::detail::win_iocp_io_context::do_one
0x00007ff763cbc864 (Unity) asio::detail::win_iocp_io_context::run
0x00007ff763cccffc (Unity) IOService::Run
0x00007ff763ca043f (Unity) AssetImportWorkerClient::Run
0x00007ff763c6bc27 (Unity) RunAssetImportWorkerClientV2
0x00007ff763c6bcab (Unity) RunAssetImporterV2
0x00007ff76348369e (Unity) Application::InitializeProject
0x00007ff7638fec25 (Unity) WinMain
0x00007ff764cc21fe (Unity) __scrt_common_main_seh
0x00007ff9be20e957 (KERNEL32) BaseThreadInitThunk
0x00007ff9c03e7c1c (ntdll) RtlUserThreadStart

Begin MonoManager ReloadAssembly
- Loaded All Assemblies, in  1.324 seconds
Native extension for WindowsStandalone target not found
Native extension for WebGL target not found
[Package Manager] Server::EnsureServerProcessIsRunning -- launch failed, reason: Unity was launched with the -noUpm command-line argument
[Package Manager] UpmClient::Send -- Unable to send message (not connected to UPM process).
[Package Manager] Cannot connect to Unity Package Manager local server
Mono: successfully reloaded assembly
- Finished resetting the current domain, in  1.986 seconds
Domain Reload Profiling: 3305ms
	BeginReloadAssembly (787ms)
		ExecutionOrderSort (0ms)
		DisableScriptedObjects (17ms)
		BackupInstance (0ms)
		ReleaseScriptingObjects (0ms)
		CreateAndSetChildDomain (52ms)
	RebuildCommonClasses (49ms)
	RebuildNativeTypeToScriptingClass (17ms)
	initialDomainReloadingComplete (47ms)
	LoadAllAssembliesAndSetupDomain (418ms)
		LoadAssemblies (485ms)
		RebuildTransferFunctionScriptingTraits (0ms)
		AnalyzeDomain (55ms)
			TypeCache.Refresh (12ms)
				TypeCache.ScanAssembly (2ms)
			ScanForSourceGeneratedMonoScriptInfo (29ms)
			ResolveRequiredComponents (12ms)
	FinalizeReload (1987ms)
		ReleaseScriptCaches (0ms)
		RebuildScriptCaches (0ms)
		SetupLoadedEditorAssemblies (874ms)
			LogAssemblyErrors (0ms)
			InitializePlatformSupportModulesInManaged (17ms)
			SetLoadedEditorAssemblies (9ms)
			RefreshPlugins (0ms)
			BeforeProcessingInitializeOnLoad (200ms)
			ProcessInitializeOnLoadAttributes (543ms)
			ProcessInitializeOnLoadMethodAttributes (94ms)
			AfterProcessingInitializeOnLoad (11ms)
			EditorAssembliesLoaded (0ms)
		ExecutionOrderSort2 (0ms)
		AwakeInstancesAfterBackupRestoration (23ms)
Script is not up to date after domain reload: guid(3e8cbe4b038d6b045af45833e91a58fc) path("Assets/Organic assets/05 Scripts/04 - Player/Appearance/BodyAppearanceSwapper.cs") state(2)
Refreshing native plugins compatible for Editor in 40.24 ms, found 4 plugins.
Preloading 0 native plugins for Editor in 0.00 ms.
Unloading 3854 Unused Serialized files (Serialized files now loaded: 0)
Unloading 22 unused Assets / (346.9 KB). Loaded Objects now: 4531.
Memory consumption went from 172.3 MB to 172.0 MB.
Total: 5.359500 ms (FindLiveObjects: 0.370100 ms CreateObjectMapping: 0.193400 ms MarkObjects: 4.523200 ms  DeleteObjects: 0.269800 ms)

Prepare: number of updated asset objects reloaded= 0
AssetImportParameters requested are different than current active one (requested -> active):
  custom:container-demuxer-ogg: 62fdf1f143b41e24485cea50d1cbac27 -> 
  custom:video-codec-MediaFoundation-h265: 746d11721c4dcdbdad8f713fa42b33f4 -> 
  custom:video-decoder-ogg-theora: a1e56fd34408186e4bbccfd4996cb3dc -> 
  custom:framework-win-MediaFoundation: 216162199b28c13a410421893ffa2e32 -> 
  custom:CustomObjectIndexerAttribute: 72b91833f83ae208fae7752999fa3104 -> 
  custom:container-demuxer-webm: 4f35f7cbe854078d1ac9338744f61a02 -> 
  custom:container-muxer-webm: aa71ff27fc2769a1b78a27578f13a17b -> 
  custom:video-decoder-webm-vp8: 9c59270c3fd7afecdb556c50c9e8de78 -> 
  custom:SearchIndexIgnoredProperties: e643bd26f0fe6173181afceb89e7c659 -> 
  custom:AudioImporter_EditorPlatform: d09bf68614088b80899f8185d706f6e7 -> 
  custom:video-encoder-webm-vp8: eb34c28f22e8b96e1ab97ce403110664 -> 
  custom:audio-decoder-ogg-vorbis: bf7c407c2cedff20999df2af8eb42d56 -> 
  custom:audio-encoder-webm-vorbis: bf7c407c2cedff20999df2af8eb42d56 -> 
========================================================================
Received Prepare
Caller must complete domain reload
0x00007ff76292ffdd (Unity) StackWalker::GetCurrentCallstack
0x00007ff7629350b9 (Unity) StackWalker::ShowCallstack
0x00007ff7638f3f71 (Unity) GetStacktrace
0x00007ff763fa6cfe (Unity) DebugStringToFile
0x00007ff763fa6a3a (Unity) AssertImplementation
0x00007ff7637990dc (Unity) Internal_ADB_WorkerOnly_DomainReload
0x00007ff763c72074 (Unity) WorkerDomainReloadV2
0x00007ff763c93985 (Unity) <lambda_a8cef15c13bd9ac3f7eff79c3cefd4ad>::operator()
0x00007ff763ccec52 (Unity) asio::detail::completion_handler<core::mutable_function<void __cdecl(void)>,asio::io_context::basic_executor_type<std::allocator<void>,0> >::do_complete
0x00007ff763cbabfe (Unity) asio::detail::win_iocp_io_context::do_one
0x00007ff763cbc864 (Unity) asio::detail::win_iocp_io_context::run
0x00007ff763cccffc (Unity) IOService::Run
0x00007ff763ca043f (Unity) AssetImportWorkerClient::Run
0x00007ff763c6bc27 (Unity) RunAssetImportWorkerClientV2
0x00007ff763c6bcab (Unity) RunAssetImporterV2
0x00007ff76348369e (Unity) Application::InitializeProject
0x00007ff7638fec25 (Unity) WinMain
0x00007ff764cc21fe (Unity) __scrt_common_main_seh
0x00007ff9be20e957 (KERNEL32) BaseThreadInitThunk
0x00007ff9c03e7c1c (ntdll) RtlUserThreadStart

Begin MonoManager ReloadAssembly
- Loaded All Assemblies, in  1.104 seconds
Native extension for WindowsStandalone target not found
Native extension for WebGL target not found
[Package Manager] Server::EnsureServerProcessIsRunning -- launch failed, reason: Unity was launched with the -noUpm command-line argument
[Package Manager] UpmClient::Send -- Unable to send message (not connected to UPM process).
[Package Manager] Cannot connect to Unity Package Manager local server
Mono: successfully reloaded assembly
- Finished resetting the current domain, in  1.595 seconds
Domain Reload Profiling: 2695ms
	BeginReloadAssembly (604ms)
		ExecutionOrderSort (0ms)
		DisableScriptedObjects (12ms)
		BackupInstance (0ms)
		ReleaseScriptingObjects (0ms)
		CreateAndSetChildDomain (46ms)
	RebuildCommonClasses (40ms)
	RebuildNativeTypeToScriptingClass (12ms)
	initialDomainReloadingComplete (62ms)
	LoadAllAssembliesAndSetupDomain (379ms)
		LoadAssemblies (430ms)
		RebuildTransferFunctionScriptingTraits (0ms)
		AnalyzeDomain (58ms)
			TypeCache.Refresh (15ms)
				TypeCache.ScanAssembly (2ms)
			ScanForSourceGeneratedMonoScriptInfo (31ms)
			ResolveRequiredComponents (10ms)
	FinalizeReload (1596ms)
		ReleaseScriptCaches (0ms)
		RebuildScriptCaches (0ms)
		SetupLoadedEditorAssemblies (647ms)
			LogAssemblyErrors (0ms)
			InitializePlatformSupportModulesInManaged (11ms)
			SetLoadedEditorAssemblies (5ms)
			RefreshPlugins (0ms)
			BeforeProcessingInitializeOnLoad (135ms)
			ProcessInitializeOnLoadAttributes (412ms)
			ProcessInitializeOnLoadMethodAttributes (73ms)
			AfterProcessingInitializeOnLoad (10ms)
			EditorAssembliesLoaded (0ms)
		ExecutionOrderSort2 (0ms)
		AwakeInstancesAfterBackupRestoration (21ms)
Refreshing native plugins compatible for Editor in 23.44 ms, found 4 plugins.
Preloading 0 native plugins for Editor in 0.00 ms.
Unloading 3854 Unused Serialized files (Serialized files now loaded: 0)
Unloading 22 unused Assets / (346.9 KB). Loaded Objects now: 4535.
Memory consumption went from 172.3 MB to 172.0 MB.
Total: 3.576000 ms (FindLiveObjects: 0.307800 ms CreateObjectMapping: 0.185500 ms MarkObjects: 2.904700 ms  DeleteObjects: 0.176400 ms)

Prepare: number of updated asset objects reloaded= 0
AssetImportParameters requested are different than current active one (requested -> active):
  custom:container-demuxer-ogg: 62fdf1f143b41e24485cea50d1cbac27 -> 
  custom:video-codec-MediaFoundation-h265: 746d11721c4dcdbdad8f713fa42b33f4 -> 
  custom:video-decoder-ogg-theora: a1e56fd34408186e4bbccfd4996cb3dc -> 
  custom:framework-win-MediaFoundation: 216162199b28c13a410421893ffa2e32 -> 
  custom:CustomObjectIndexerAttribute: 72b91833f83ae208fae7752999fa3104 -> 
  custom:container-demuxer-webm: 4f35f7cbe854078d1ac9338744f61a02 -> 
  custom:container-muxer-webm: aa71ff27fc2769a1b78a27578f13a17b -> 
  custom:video-decoder-webm-vp8: 9c59270c3fd7afecdb556c50c9e8de78 -> 
  custom:SearchIndexIgnoredProperties: e643bd26f0fe6173181afceb89e7c659 -> 
  custom:AudioImporter_EditorPlatform: d09bf68614088b80899f8185d706f6e7 -> 
  custom:video-encoder-webm-vp8: eb34c28f22e8b96e1ab97ce403110664 -> 
  custom:audio-decoder-ogg-vorbis: bf7c407c2cedff20999df2af8eb42d56 -> 
  custom:audio-encoder-webm-vorbis: bf7c407c2cedff20999df2af8eb42d56 -> 
========================================================================
Received Prepare
Caller must complete domain reload
0x00007ff76292ffdd (Unity) StackWalker::GetCurrentCallstack
0x00007ff7629350b9 (Unity) StackWalker::ShowCallstack
0x00007ff7638f3f71 (Unity) GetStacktrace
0x00007ff763fa6cfe (Unity) DebugStringToFile
0x00007ff763fa6a3a (Unity) AssertImplementation
0x00007ff7637990dc (Unity) Internal_ADB_WorkerOnly_DomainReload
0x00007ff763c72074 (Unity) WorkerDomainReloadV2
0x00007ff763c93985 (Unity) <lambda_a8cef15c13bd9ac3f7eff79c3cefd4ad>::operator()
0x00007ff763ccec52 (Unity) asio::detail::completion_handler<core::mutable_function<void __cdecl(void)>,asio::io_context::basic_executor_type<std::allocator<void>,0> >::do_complete
0x00007ff763cbabfe (Unity) asio::detail::win_iocp_io_context::do_one
0x00007ff763cbc864 (Unity) asio::detail::win_iocp_io_context::run
0x00007ff763cccffc (Unity) IOService::Run
0x00007ff763ca043f (Unity) AssetImportWorkerClient::Run
0x00007ff763c6bc27 (Unity) RunAssetImportWorkerClientV2
0x00007ff763c6bcab (Unity) RunAssetImporterV2
0x00007ff76348369e (Unity) Application::InitializeProject
0x00007ff7638fec25 (Unity) WinMain
0x00007ff764cc21fe (Unity) __scrt_common_main_seh
0x00007ff9be20e957 (KERNEL32) BaseThreadInitThunk
0x00007ff9c03e7c1c (ntdll) RtlUserThreadStart

Begin MonoManager ReloadAssembly
- Loaded All Assemblies, in  1.020 seconds
Native extension for WindowsStandalone target not found
Native extension for WebGL target not found
[Package Manager] Server::EnsureServerProcessIsRunning -- launch failed, reason: Unity was launched with the -noUpm command-line argument
[Package Manager] UpmClient::Send -- Unable to send message (not connected to UPM process).
[Package Manager] Cannot connect to Unity Package Manager local server
Mono: successfully reloaded assembly
- Finished resetting the current domain, in  1.689 seconds
Domain Reload Profiling: 2701ms
	BeginReloadAssembly (581ms)
		ExecutionOrderSort (0ms)
		DisableScriptedObjects (12ms)
		BackupInstance (0ms)
		ReleaseScriptingObjects (0ms)
		CreateAndSetChildDomain (44ms)
	RebuildCommonClasses (38ms)
	RebuildNativeTypeToScriptingClass (12ms)
	initialDomainReloadingComplete (40ms)
	LoadAllAssembliesAndSetupDomain (342ms)
		LoadAssemblies (412ms)
		RebuildTransferFunctionScriptingTraits (0ms)
		AnalyzeDomain (23ms)
			TypeCache.Refresh (8ms)
				TypeCache.ScanAssembly (0ms)
			ScanForSourceGeneratedMonoScriptInfo (0ms)
			ResolveRequiredComponents (12ms)
	FinalizeReload (1690ms)
		ReleaseScriptCaches (0ms)
		RebuildScriptCaches (0ms)
		SetupLoadedEditorAssemblies (761ms)
			LogAssemblyErrors (0ms)
			InitializePlatformSupportModulesInManaged (14ms)
			SetLoadedEditorAssemblies (6ms)
			RefreshPlugins (0ms)
			BeforeProcessingInitializeOnLoad (136ms)
			ProcessInitializeOnLoadAttributes (493ms)
			ProcessInitializeOnLoadMethodAttributes (95ms)
			AfterProcessingInitializeOnLoad (15ms)
			EditorAssembliesLoaded (0ms)
		ExecutionOrderSort2 (0ms)
		AwakeInstancesAfterBackupRestoration (22ms)
Refreshing native plugins compatible for Editor in 25.24 ms, found 4 plugins.
Preloading 0 native plugins for Editor in 0.00 ms.
Unloading 3854 Unused Serialized files (Serialized files now loaded: 0)
Unloading 22 unused Assets / (346.4 KB). Loaded Objects now: 4539.
Memory consumption went from 172.3 MB to 172.0 MB.
Total: 5.293700 ms (FindLiveObjects: 0.367900 ms CreateObjectMapping: 0.247500 ms MarkObjects: 4.447800 ms  DeleteObjects: 0.228600 ms)

Prepare: number of updated asset objects reloaded= 0
AssetImportParameters requested are different than current active one (requested -> active):
  custom:container-demuxer-ogg: 62fdf1f143b41e24485cea50d1cbac27 -> 
  custom:video-codec-MediaFoundation-h265: 746d11721c4dcdbdad8f713fa42b33f4 -> 
  custom:video-decoder-ogg-theora: a1e56fd34408186e4bbccfd4996cb3dc -> 
  custom:framework-win-MediaFoundation: 216162199b28c13a410421893ffa2e32 -> 
  custom:CustomObjectIndexerAttribute: 72b91833f83ae208fae7752999fa3104 -> 
  custom:container-demuxer-webm: 4f35f7cbe854078d1ac9338744f61a02 -> 
  custom:container-muxer-webm: aa71ff27fc2769a1b78a27578f13a17b -> 
  custom:video-decoder-webm-vp8: 9c59270c3fd7afecdb556c50c9e8de78 -> 
  custom:SearchIndexIgnoredProperties: e643bd26f0fe6173181afceb89e7c659 -> 
  custom:AudioImporter_EditorPlatform: d09bf68614088b80899f8185d706f6e7 -> 
  custom:video-encoder-webm-vp8: eb34c28f22e8b96e1ab97ce403110664 -> 
  custom:audio-decoder-ogg-vorbis: bf7c407c2cedff20999df2af8eb42d56 -> 
  custom:audio-encoder-webm-vorbis: bf7c407c2cedff20999df2af8eb42d56 -> 
========================================================================
Received Import Request.
  Time since last request: 490.756195 seconds.
  path: Assets/Organic assets/04 Game assets/05 - Player prefabs/Player.prefab
  artifactKey: Guid(5355d9220a0a06246ba107b37a30bfa9) Importer(815301076,1909f56bfc062723c751e8b465ee728b)
Start importing Assets/Organic assets/04 Game assets/05 - Player prefabs/Player.prefab using Guid(5355d9220a0a06246ba107b37a30bfa9) Importer(815301076,1909f56bfc062723c751e8b465ee728b) [PhysX] Initialized MultithreadedTaskDispatcher with 16 workers.
[PhysX] Initialized MultithreadedTaskDispatcher with 16 workers.
 -> (artifact id: 'c4dae317f11ac2ea09ce0f2b1da08036') in 0.498435 seconds
Number of updated asset objects reloaded before import = 0
Number of asset objects unloaded after import = 1195
========================================================================
Received Import Request.
  Time since last request: 375.721470 seconds.
  path: Assets/Organic assets/04 Game assets/05 - Player prefabs/Player.prefab
  artifactKey: Guid(5355d9220a0a06246ba107b37a30bfa9) Importer(815301076,1909f56bfc062723c751e8b465ee728b)
Start importing Assets/Organic assets/04 Game assets/05 - Player prefabs/Player.prefab using Guid(5355d9220a0a06246ba107b37a30bfa9) Importer(815301076,1909f56bfc062723c751e8b465ee728b) [PhysX] Initialized MultithreadedTaskDispatcher with 16 workers.
[PhysX] Initialized MultithreadedTaskDispatcher with 16 workers.
 -> (artifact id: 'bf033987bd0d86dc92f644128b0a3fe7') in 0.095281 seconds
Number of updated asset objects reloaded before import = 0
Number of asset objects unloaded after import = 1177
========================================================================
Received Prepare
Caller must complete domain reload
0x00007ff76292ffdd (Unity) StackWalker::GetCurrentCallstack
0x00007ff7629350b9 (Unity) StackWalker::ShowCallstack
0x00007ff7638f3f71 (Unity) GetStacktrace
0x00007ff763fa6cfe (Unity) DebugStringToFile
0x00007ff763fa6a3a (Unity) AssertImplementation
0x00007ff7637990dc (Unity) Internal_ADB_WorkerOnly_DomainReload
0x00007ff763c72074 (Unity) WorkerDomainReloadV2
0x00007ff763c93985 (Unity) <lambda_a8cef15c13bd9ac3f7eff79c3cefd4ad>::operator()
0x00007ff763ccec52 (Unity) asio::detail::completion_handler<core::mutable_function<void __cdecl(void)>,asio::io_context::basic_executor_type<std::allocator<void>,0> >::do_complete
0x00007ff763cbabfe (Unity) asio::detail::win_iocp_io_context::do_one
0x00007ff763cbc864 (Unity) asio::detail::win_iocp_io_context::run
0x00007ff763cccffc (Unity) IOService::Run
0x00007ff763ca043f (Unity) AssetImportWorkerClient::Run
0x00007ff763c6bc27 (Unity) RunAssetImportWorkerClientV2
0x00007ff763c6bcab (Unity) RunAssetImporterV2
0x00007ff76348369e (Unity) Application::InitializeProject
0x00007ff7638fec25 (Unity) WinMain
0x00007ff764cc21fe (Unity) __scrt_common_main_seh
0x00007ff9be20e957 (KERNEL32) BaseThreadInitThunk
0x00007ff9c03e7c1c (ntdll) RtlUserThreadStart

Begin MonoManager ReloadAssembly
- Loaded All Assemblies, in  1.265 seconds
Native extension for WindowsStandalone target not found
Native extension for WebGL target not found
[Package Manager] Server::EnsureServerProcessIsRunning -- launch failed, reason: Unity was launched with the -noUpm command-line argument
[Package Manager] UpmClient::Send -- Unable to send message (not connected to UPM process).
[Package Manager] Cannot connect to Unity Package Manager local server
Mono: successfully reloaded assembly
- Finished resetting the current domain, in  1.862 seconds
Domain Reload Profiling: 3121ms
	BeginReloadAssembly (737ms)
		ExecutionOrderSort (0ms)
		DisableScriptedObjects (18ms)
		BackupInstance (0ms)
		ReleaseScriptingObjects (0ms)
		CreateAndSetChildDomain (66ms)
	RebuildCommonClasses (40ms)
	RebuildNativeTypeToScriptingClass (13ms)
	initialDomainReloadingComplete (45ms)
	LoadAllAssembliesAndSetupDomain (423ms)
		LoadAssemblies (476ms)
		RebuildTransferFunctionScriptingTraits (0ms)
		AnalyzeDomain (54ms)
			TypeCache.Refresh (14ms)
				TypeCache.ScanAssembly (3ms)
			ScanForSourceGeneratedMonoScriptInfo (25ms)
			ResolveRequiredComponents (13ms)
	FinalizeReload (1862ms)
		ReleaseScriptCaches (0ms)
		RebuildScriptCaches (0ms)
		SetupLoadedEditorAssemblies (704ms)
			LogAssemblyErrors (0ms)
			InitializePlatformSupportModulesInManaged (12ms)
			SetLoadedEditorAssemblies (7ms)
			RefreshPlugins (0ms)
			BeforeProcessingInitializeOnLoad (130ms)
			ProcessInitializeOnLoadAttributes (461ms)
			ProcessInitializeOnLoadMethodAttributes (80ms)
			AfterProcessingInitializeOnLoad (13ms)
			EditorAssembliesLoaded (0ms)
		ExecutionOrderSort2 (0ms)
		AwakeInstancesAfterBackupRestoration (27ms)
Refreshing native plugins compatible for Editor in 25.04 ms, found 4 plugins.
Preloading 0 native plugins for Editor in 0.00 ms.
Unloading 3854 Unused Serialized files (Serialized files now loaded: 0)
Unloading 22 unused Assets / (347.6 KB). Loaded Objects now: 4589.
Memory consumption went from 177.6 MB to 177.3 MB.
Total: 4.203400 ms (FindLiveObjects: 0.347100 ms CreateObjectMapping: 0.317800 ms MarkObjects: 3.323400 ms  DeleteObjects: 0.213300 ms)

Prepare: number of updated asset objects reloaded= 0
AssetImportParameters requested are different than current active one (requested -> active):
  custom:container-demuxer-ogg: 62fdf1f143b41e24485cea50d1cbac27 -> 
  custom:video-codec-MediaFoundation-h265: 746d11721c4dcdbdad8f713fa42b33f4 -> 
  custom:video-decoder-ogg-theora: a1e56fd34408186e4bbccfd4996cb3dc -> 
  custom:framework-win-MediaFoundation: 216162199b28c13a410421893ffa2e32 -> 
  custom:CustomObjectIndexerAttribute: 72b91833f83ae208fae7752999fa3104 -> 
  custom:container-demuxer-webm: 4f35f7cbe854078d1ac9338744f61a02 -> 
  custom:container-muxer-webm: aa71ff27fc2769a1b78a27578f13a17b -> 
  custom:video-decoder-webm-vp8: 9c59270c3fd7afecdb556c50c9e8de78 -> 
  custom:SearchIndexIgnoredProperties: e643bd26f0fe6173181afceb89e7c659 -> 
  custom:AudioImporter_EditorPlatform: d09bf68614088b80899f8185d706f6e7 -> 
  custom:video-encoder-webm-vp8: eb34c28f22e8b96e1ab97ce403110664 -> 
  custom:audio-decoder-ogg-vorbis: bf7c407c2cedff20999df2af8eb42d56 -> 
  custom:audio-encoder-webm-vorbis: bf7c407c2cedff20999df2af8eb42d56 -> 
========================================================================
Received Prepare
Caller must complete domain reload
0x00007ff76292ffdd (Unity) StackWalker::GetCurrentCallstack
0x00007ff7629350b9 (Unity) StackWalker::ShowCallstack
0x00007ff7638f3f71 (Unity) GetStacktrace
0x00007ff763fa6cfe (Unity) DebugStringToFile
0x00007ff763fa6a3a (Unity) AssertImplementation
0x00007ff7637990dc (Unity) Internal_ADB_WorkerOnly_DomainReload
0x00007ff763c72074 (Unity) WorkerDomainReloadV2
0x00007ff763c93985 (Unity) <lambda_a8cef15c13bd9ac3f7eff79c3cefd4ad>::operator()
0x00007ff763ccec52 (Unity) asio::detail::completion_handler<core::mutable_function<void __cdecl(void)>,asio::io_context::basic_executor_type<std::allocator<void>,0> >::do_complete
0x00007ff763cbabfe (Unity) asio::detail::win_iocp_io_context::do_one
0x00007ff763cbc864 (Unity) asio::detail::win_iocp_io_context::run
0x00007ff763cccffc (Unity) IOService::Run
0x00007ff763ca043f (Unity) AssetImportWorkerClient::Run
0x00007ff763c6bc27 (Unity) RunAssetImportWorkerClientV2
0x00007ff763c6bcab (Unity) RunAssetImporterV2
0x00007ff76348369e (Unity) Application::InitializeProject
0x00007ff7638fec25 (Unity) WinMain
0x00007ff764cc21fe (Unity) __scrt_common_main_seh
0x00007ff9be20e957 (KERNEL32) BaseThreadInitThunk
0x00007ff9c03e7c1c (ntdll) RtlUserThreadStart

Begin MonoManager ReloadAssembly
- Loaded All Assemblies, in  1.104 seconds
Native extension for WindowsStandalone target not found
Native extension for WebGL target not found
[Package Manager] Server::EnsureServerProcessIsRunning -- launch failed, reason: Unity was launched with the -noUpm command-line argument
[Package Manager] UpmClient::Send -- Unable to send message (not connected to UPM process).
[Package Manager] Cannot connect to Unity Package Manager local server
Mono: successfully reloaded assembly
- Finished resetting the current domain, in  1.832 seconds
Domain Reload Profiling: 2932ms
	BeginReloadAssembly (643ms)
		ExecutionOrderSort (0ms)
		DisableScriptedObjects (13ms)
		BackupInstance (0ms)
		ReleaseScriptingObjects (0ms)
		CreateAndSetChildDomain (52ms)
	RebuildCommonClasses (45ms)
	RebuildNativeTypeToScriptingClass (15ms)
	initialDomainReloadingComplete (45ms)
	LoadAllAssembliesAndSetupDomain (350ms)
		LoadAssemblies (435ms)
		RebuildTransferFunctionScriptingTraits (0ms)
		AnalyzeDomain (21ms)
			TypeCache.Refresh (9ms)
				TypeCache.ScanAssembly (0ms)
			ScanForSourceGeneratedMonoScriptInfo (0ms)
			ResolveRequiredComponents (10ms)
	FinalizeReload (1833ms)
		ReleaseScriptCaches (0ms)
		RebuildScriptCaches (0ms)
		SetupLoadedEditorAssemblies (818ms)
			LogAssemblyErrors (0ms)
			InitializePlatformSupportModulesInManaged (13ms)
			SetLoadedEditorAssemblies (7ms)
			RefreshPlugins (0ms)
			BeforeProcessingInitializeOnLoad (144ms)
			ProcessInitializeOnLoadAttributes (529ms)
			ProcessInitializeOnLoadMethodAttributes (111ms)
			AfterProcessingInitializeOnLoad (14ms)
			EditorAssembliesLoaded (1ms)
		ExecutionOrderSort2 (0ms)
		AwakeInstancesAfterBackupRestoration (34ms)
Refreshing native plugins compatible for Editor in 25.60 ms, found 4 plugins.
Preloading 0 native plugins for Editor in 0.00 ms.
Unloading 3854 Unused Serialized files (Serialized files now loaded: 0)
Unloading 22 unused Assets / (347.0 KB). Loaded Objects now: 4593.
Memory consumption went from 177.5 MB to 177.2 MB.
Total: 5.121000 ms (FindLiveObjects: 0.449700 ms CreateObjectMapping: 0.332900 ms MarkObjects: 3.929300 ms  DeleteObjects: 0.406500 ms)

Prepare: number of updated asset objects reloaded= 0
AssetImportParameters requested are different than current active one (requested -> active):
  custom:container-demuxer-ogg: 62fdf1f143b41e24485cea50d1cbac27 -> 
  custom:video-codec-MediaFoundation-h265: 746d11721c4dcdbdad8f713fa42b33f4 -> 
  custom:video-decoder-ogg-theora: a1e56fd34408186e4bbccfd4996cb3dc -> 
  custom:framework-win-MediaFoundation: 216162199b28c13a410421893ffa2e32 -> 
  custom:CustomObjectIndexerAttribute: 72b91833f83ae208fae7752999fa3104 -> 
  custom:container-demuxer-webm: 4f35f7cbe854078d1ac9338744f61a02 -> 
  custom:container-muxer-webm: aa71ff27fc2769a1b78a27578f13a17b -> 
  custom:video-decoder-webm-vp8: 9c59270c3fd7afecdb556c50c9e8de78 -> 
  custom:SearchIndexIgnoredProperties: e643bd26f0fe6173181afceb89e7c659 -> 
  custom:AudioImporter_EditorPlatform: d09bf68614088b80899f8185d706f6e7 -> 
  custom:video-encoder-webm-vp8: eb34c28f22e8b96e1ab97ce403110664 -> 
  custom:audio-decoder-ogg-vorbis: bf7c407c2cedff20999df2af8eb42d56 -> 
  custom:audio-encoder-webm-vorbis: bf7c407c2cedff20999df2af8eb42d56 -> 
========================================================================
Received Import Request.
  Time since last request: 57.527189 seconds.
  path: Assets/Organic assets/02 Visual assets/07 Characters/Humanoid/Prefab/HumanoidBackSprite.prefab
  artifactKey: Guid(e5eb072576a6dbe48abd7b35ada957a5) Importer(815301076,1909f56bfc062723c751e8b465ee728b)
Start importing Assets/Organic assets/02 Visual assets/07 Characters/Humanoid/Prefab/HumanoidBackSprite.prefab using Guid(e5eb072576a6dbe48abd7b35ada957a5) Importer(815301076,1909f56bfc062723c751e8b465ee728b) [PhysX] Initialized MultithreadedTaskDispatcher with 16 workers.
[PhysX] Initialized MultithreadedTaskDispatcher with 16 workers.
 -> (artifact id: '921e47d1baf15739c5fe636859efb779') in 0.372138 seconds
Number of updated asset objects reloaded before import = 0
Number of asset objects unloaded after import = 375
========================================================================
Received Import Request.
  Time since last request: 170.523038 seconds.
  path: Assets/Organic assets/02 Visual assets/07 Characters/Humanoid/Prefab/HumanoidBackSprite.prefab
  artifactKey: Guid(e5eb072576a6dbe48abd7b35ada957a5) Importer(815301076,1909f56bfc062723c751e8b465ee728b)
Start importing Assets/Organic assets/02 Visual assets/07 Characters/Humanoid/Prefab/HumanoidBackSprite.prefab using Guid(e5eb072576a6dbe48abd7b35ada957a5) Importer(815301076,1909f56bfc062723c751e8b465ee728b) [PhysX] Initialized MultithreadedTaskDispatcher with 16 workers.
[PhysX] Initialized MultithreadedTaskDispatcher with 16 workers.
 -> (artifact id: '539da239af449988a42d4c113bbb3587') in 0.047172 seconds
Number of updated asset objects reloaded before import = 0
Number of asset objects unloaded after import = 357
========================================================================
Received Import Request.
  Time since last request: 11.090887 seconds.
  path: Assets/Organic assets/02 Visual assets/07 Characters/Humanoid/Prefab/HumanoidBackSprite.prefab
  artifactKey: Guid(e5eb072576a6dbe48abd7b35ada957a5) Importer(815301076,1909f56bfc062723c751e8b465ee728b)
Start importing Assets/Organic assets/02 Visual assets/07 Characters/Humanoid/Prefab/HumanoidBackSprite.prefab using Guid(e5eb072576a6dbe48abd7b35ada957a5) Importer(815301076,1909f56bfc062723c751e8b465ee728b) [PhysX] Initialized MultithreadedTaskDispatcher with 16 workers.
[PhysX] Initialized MultithreadedTaskDispatcher with 16 workers.
 -> (artifact id: '959070ff37bc977c998609e61165240c') in 0.045226 seconds
Number of updated asset objects reloaded before import = 0
Number of asset objects unloaded after import = 357
========================================================================
Received Import Request.
  Time since last request: 6.697596 seconds.
  path: Assets/Organic assets/02 Visual assets/07 Characters/Humanoid/Prefab/HumanoidBackSprite.prefab
  artifactKey: Guid(e5eb072576a6dbe48abd7b35ada957a5) Importer(815301076,1909f56bfc062723c751e8b465ee728b)
Start importing Assets/Organic assets/02 Visual assets/07 Characters/Humanoid/Prefab/HumanoidBackSprite.prefab using Guid(e5eb072576a6dbe48abd7b35ada957a5) Importer(815301076,1909f56bfc062723c751e8b465ee728b) [PhysX] Initialized MultithreadedTaskDispatcher with 16 workers.
[PhysX] Initialized MultithreadedTaskDispatcher with 16 workers.
 -> (artifact id: '2f1d27f5fea5b588527b0797b5982280') in 0.039536 seconds
Number of updated asset objects reloaded before import = 0
Number of asset objects unloaded after import = 357
========================================================================
Received Import Request.
  Time since last request: 13.581984 seconds.
  path: Assets/Organic assets/02 Visual assets/07 Characters/Humanoid/Prefab/HumanoidBackSprite.prefab
  artifactKey: Guid(e5eb072576a6dbe48abd7b35ada957a5) Importer(815301076,1909f56bfc062723c751e8b465ee728b)
Start importing Assets/Organic assets/02 Visual assets/07 Characters/Humanoid/Prefab/HumanoidBackSprite.prefab using Guid(e5eb072576a6dbe48abd7b35ada957a5) Importer(815301076,1909f56bfc062723c751e8b465ee728b) [PhysX] Initialized MultithreadedTaskDispatcher with 16 workers.
[PhysX] Initialized MultithreadedTaskDispatcher with 16 workers.
 -> (artifact id: 'fb9c4519b8b1438772652bb331ea092a') in 0.041326 seconds
Number of updated asset objects reloaded before import = 0
Number of asset objects unloaded after import = 357
========================================================================
Received Import Request.
  Time since last request: 4.602785 seconds.
  path: Assets/Organic assets/02 Visual assets/07 Characters/Humanoid/Prefab/HumanoidBackSprite.prefab
  artifactKey: Guid(e5eb072576a6dbe48abd7b35ada957a5) Importer(815301076,1909f56bfc062723c751e8b465ee728b)
Start importing Assets/Organic assets/02 Visual assets/07 Characters/Humanoid/Prefab/HumanoidBackSprite.prefab using Guid(e5eb072576a6dbe48abd7b35ada957a5) Importer(815301076,1909f56bfc062723c751e8b465ee728b) [PhysX] Initialized MultithreadedTaskDispatcher with 16 workers.
[PhysX] Initialized MultithreadedTaskDispatcher with 16 workers.
 -> (artifact id: '554cf44b9b0ff3fd7eb2e399d9b6c41b') in 0.053361 seconds
Number of updated asset objects reloaded before import = 0
Number of asset objects unloaded after import = 357
========================================================================
Received Import Request.
  Time since last request: 6.664882 seconds.
  path: Assets/Organic assets/02 Visual assets/07 Characters/Humanoid/Prefab/HumanoidBackSprite.prefab
  artifactKey: Guid(e5eb072576a6dbe48abd7b35ada957a5) Importer(815301076,1909f56bfc062723c751e8b465ee728b)
Start importing Assets/Organic assets/02 Visual assets/07 Characters/Humanoid/Prefab/HumanoidBackSprite.prefab using Guid(e5eb072576a6dbe48abd7b35ada957a5) Importer(815301076,1909f56bfc062723c751e8b465ee728b) [PhysX] Initialized MultithreadedTaskDispatcher with 16 workers.
[PhysX] Initialized MultithreadedTaskDispatcher with 16 workers.
 -> (artifact id: 'd245c549bf0d53c057d923978dbd8e92') in 0.044405 seconds
Number of updated asset objects reloaded before import = 0
Number of asset objects unloaded after import = 357
========================================================================
Received Import Request.
  Time since last request: 1.813487 seconds.
  path: Assets/Organic assets/02 Visual assets/07 Characters/Humanoid/Prefab/HumanoidBackSprite.prefab
  artifactKey: Guid(e5eb072576a6dbe48abd7b35ada957a5) Importer(815301076,1909f56bfc062723c751e8b465ee728b)
Start importing Assets/Organic assets/02 Visual assets/07 Characters/Humanoid/Prefab/HumanoidBackSprite.prefab using Guid(e5eb072576a6dbe48abd7b35ada957a5) Importer(815301076,1909f56bfc062723c751e8b465ee728b) [PhysX] Initialized MultithreadedTaskDispatcher with 16 workers.
[PhysX] Initialized MultithreadedTaskDispatcher with 16 workers.
 -> (artifact id: '05224a79a1ef0411529abdfde0fff544') in 0.042286 seconds
Number of updated asset objects reloaded before import = 0
Number of asset objects unloaded after import = 357
========================================================================
Received Import Request.
  Time since last request: 9.911189 seconds.
  path: Assets/Organic assets/02 Visual assets/07 Characters/Humanoid/Prefab/HumanoidBackSprite.prefab
  artifactKey: Guid(e5eb072576a6dbe48abd7b35ada957a5) Importer(815301076,1909f56bfc062723c751e8b465ee728b)
Start importing Assets/Organic assets/02 Visual assets/07 Characters/Humanoid/Prefab/HumanoidBackSprite.prefab using Guid(e5eb072576a6dbe48abd7b35ada957a5) Importer(815301076,1909f56bfc062723c751e8b465ee728b) [PhysX] Initialized MultithreadedTaskDispatcher with 16 workers.
[PhysX] Initialized MultithreadedTaskDispatcher with 16 workers.
 -> (artifact id: 'fbf51979da1685dd8e1f76f495e5c812') in 0.044128 seconds
Number of updated asset objects reloaded before import = 0
Number of asset objects unloaded after import = 357
========================================================================
Received Import Request.
  Time since last request: 5.978777 seconds.
  path: Assets/Organic assets/02 Visual assets/07 Characters/Humanoid/Prefab/HumanoidBackSprite.prefab
  artifactKey: Guid(e5eb072576a6dbe48abd7b35ada957a5) Importer(815301076,1909f56bfc062723c751e8b465ee728b)
Start importing Assets/Organic assets/02 Visual assets/07 Characters/Humanoid/Prefab/HumanoidBackSprite.prefab using Guid(e5eb072576a6dbe48abd7b35ada957a5) Importer(815301076,1909f56bfc062723c751e8b465ee728b) [PhysX] Initialized MultithreadedTaskDispatcher with 16 workers.
[PhysX] Initialized MultithreadedTaskDispatcher with 16 workers.
 -> (artifact id: 'c0fbe92bbec82aec360e28872d983bf5') in 0.040723 seconds
Number of updated asset objects reloaded before import = 0
Number of asset objects unloaded after import = 357
========================================================================
Received Import Request.
  Time since last request: 7.554250 seconds.
  path: Assets/Organic assets/02 Visual assets/07 Characters/Humanoid/Prefab/HumanoidBackSprite.prefab
  artifactKey: Guid(e5eb072576a6dbe48abd7b35ada957a5) Importer(815301076,1909f56bfc062723c751e8b465ee728b)
Start importing Assets/Organic assets/02 Visual assets/07 Characters/Humanoid/Prefab/HumanoidBackSprite.prefab using Guid(e5eb072576a6dbe48abd7b35ada957a5) Importer(815301076,1909f56bfc062723c751e8b465ee728b) [PhysX] Initialized MultithreadedTaskDispatcher with 16 workers.
[PhysX] Initialized MultithreadedTaskDispatcher with 16 workers.
 -> (artifact id: '5a6131b8ca79a0e8e220a999f2f5d5ca') in 0.039012 seconds
Number of updated asset objects reloaded before import = 0
Number of asset objects unloaded after import = 357
========================================================================
Received Import Request.
  Time since last request: 4.351050 seconds.
  path: Assets/Organic assets/02 Visual assets/07 Characters/Humanoid/Prefab/HumanoidBackSprite.prefab
  artifactKey: Guid(e5eb072576a6dbe48abd7b35ada957a5) Importer(815301076,1909f56bfc062723c751e8b465ee728b)
Start importing Assets/Organic assets/02 Visual assets/07 Characters/Humanoid/Prefab/HumanoidBackSprite.prefab using Guid(e5eb072576a6dbe48abd7b35ada957a5) Importer(815301076,1909f56bfc062723c751e8b465ee728b) [PhysX] Initialized MultithreadedTaskDispatcher with 16 workers.
[PhysX] Initialized MultithreadedTaskDispatcher with 16 workers.
 -> (artifact id: '5220bd1994e61eddcf5904a65bd3b889') in 0.043022 seconds
Number of updated asset objects reloaded before import = 0
Number of asset objects unloaded after import = 357
========================================================================
Received Import Request.
  Time since last request: 10.626469 seconds.
  path: Assets/Organic assets/02 Visual assets/07 Characters/Humanoid/Prefab/HumanoidBackSprite.prefab
  artifactKey: Guid(e5eb072576a6dbe48abd7b35ada957a5) Importer(815301076,1909f56bfc062723c751e8b465ee728b)
Start importing Assets/Organic assets/02 Visual assets/07 Characters/Humanoid/Prefab/HumanoidBackSprite.prefab using Guid(e5eb072576a6dbe48abd7b35ada957a5) Importer(815301076,1909f56bfc062723c751e8b465ee728b) [PhysX] Initialized MultithreadedTaskDispatcher with 16 workers.
[PhysX] Initialized MultithreadedTaskDispatcher with 16 workers.
 -> (artifact id: 'a484726547978e50b777f7d6fb518b31') in 0.041019 seconds
Number of updated asset objects reloaded before import = 0
Number of asset objects unloaded after import = 357
========================================================================
Received Import Request.
  Time since last request: 4.491680 seconds.
  path: Assets/Organic assets/02 Visual assets/07 Characters/Humanoid/Prefab/HumanoidBackSprite.prefab
  artifactKey: Guid(e5eb072576a6dbe48abd7b35ada957a5) Importer(815301076,1909f56bfc062723c751e8b465ee728b)
Start importing Assets/Organic assets/02 Visual assets/07 Characters/Humanoid/Prefab/HumanoidBackSprite.prefab using Guid(e5eb072576a6dbe48abd7b35ada957a5) Importer(815301076,1909f56bfc062723c751e8b465ee728b) [PhysX] Initialized MultithreadedTaskDispatcher with 16 workers.
[PhysX] Initialized MultithreadedTaskDispatcher with 16 workers.
 -> (artifact id: '06cf53bd3d6cd4392eb9e5b8e09f13fe') in 0.036256 seconds
Number of updated asset objects reloaded before import = 0
Number of asset objects unloaded after import = 357
========================================================================
Received Import Request.
  Time since last request: 4.283009 seconds.
  path: Assets/Organic assets/02 Visual assets/07 Characters/Humanoid/Prefab/HumanoidBackSprite.prefab
  artifactKey: Guid(e5eb072576a6dbe48abd7b35ada957a5) Importer(815301076,1909f56bfc062723c751e8b465ee728b)
Start importing Assets/Organic assets/02 Visual assets/07 Characters/Humanoid/Prefab/HumanoidBackSprite.prefab using Guid(e5eb072576a6dbe48abd7b35ada957a5) Importer(815301076,1909f56bfc062723c751e8b465ee728b) [PhysX] Initialized MultithreadedTaskDispatcher with 16 workers.
[PhysX] Initialized MultithreadedTaskDispatcher with 16 workers.
 -> (artifact id: 'f1376eeded1b4ef59b838792506c1a29') in 0.039823 seconds
Number of updated asset objects reloaded before import = 0
Number of asset objects unloaded after import = 357
========================================================================
Received Import Request.
  Time since last request: 8.792775 seconds.
  path: Assets/Organic assets/02 Visual assets/07 Characters/Humanoid/Prefab/HumanoidBackSprite.prefab
  artifactKey: Guid(e5eb072576a6dbe48abd7b35ada957a5) Importer(815301076,1909f56bfc062723c751e8b465ee728b)
Start importing Assets/Organic assets/02 Visual assets/07 Characters/Humanoid/Prefab/HumanoidBackSprite.prefab using Guid(e5eb072576a6dbe48abd7b35ada957a5) Importer(815301076,1909f56bfc062723c751e8b465ee728b) [PhysX] Initialized MultithreadedTaskDispatcher with 16 workers.
[PhysX] Initialized MultithreadedTaskDispatcher with 16 workers.
 -> (artifact id: 'ba89b542dca81c41dd7a48ec950fa075') in 0.042397 seconds
Number of updated asset objects reloaded before import = 0
Number of asset objects unloaded after import = 357
========================================================================
Received Import Request.
  Time since last request: 3.925856 seconds.
  path: Assets/Organic assets/02 Visual assets/07 Characters/Humanoid/Prefab/HumanoidBackSprite.prefab
  artifactKey: Guid(e5eb072576a6dbe48abd7b35ada957a5) Importer(815301076,1909f56bfc062723c751e8b465ee728b)
Start importing Assets/Organic assets/02 Visual assets/07 Characters/Humanoid/Prefab/HumanoidBackSprite.prefab using Guid(e5eb072576a6dbe48abd7b35ada957a5) Importer(815301076,1909f56bfc062723c751e8b465ee728b) [PhysX] Initialized MultithreadedTaskDispatcher with 16 workers.
[PhysX] Initialized MultithreadedTaskDispatcher with 16 workers.
 -> (artifact id: 'f449a1e9b9edf03f6bb33d378d334029') in 0.040211 seconds
Number of updated asset objects reloaded before import = 0
Number of asset objects unloaded after import = 357
========================================================================
Received Import Request.
  Time since last request: 5.954242 seconds.
  path: Assets/Organic assets/02 Visual assets/07 Characters/Humanoid/Prefab/HumanoidBackSprite.prefab
  artifactKey: Guid(e5eb072576a6dbe48abd7b35ada957a5) Importer(815301076,1909f56bfc062723c751e8b465ee728b)
Start importing Assets/Organic assets/02 Visual assets/07 Characters/Humanoid/Prefab/HumanoidBackSprite.prefab using Guid(e5eb072576a6dbe48abd7b35ada957a5) Importer(815301076,1909f56bfc062723c751e8b465ee728b) [PhysX] Initialized MultithreadedTaskDispatcher with 16 workers.
[PhysX] Initialized MultithreadedTaskDispatcher with 16 workers.
 -> (artifact id: '7debc35af327342ba6747168f8cecb28') in 0.045942 seconds
Number of updated asset objects reloaded before import = 0
Number of asset objects unloaded after import = 357
========================================================================
Received Import Request.
  Time since last request: 3.929145 seconds.
  path: Assets/Organic assets/02 Visual assets/07 Characters/Humanoid/Prefab/HumanoidBackSprite.prefab
  artifactKey: Guid(e5eb072576a6dbe48abd7b35ada957a5) Importer(815301076,1909f56bfc062723c751e8b465ee728b)
Start importing Assets/Organic assets/02 Visual assets/07 Characters/Humanoid/Prefab/HumanoidBackSprite.prefab using Guid(e5eb072576a6dbe48abd7b35ada957a5) Importer(815301076,1909f56bfc062723c751e8b465ee728b) [PhysX] Initialized MultithreadedTaskDispatcher with 16 workers.
[PhysX] Initialized MultithreadedTaskDispatcher with 16 workers.
 -> (artifact id: '2d5173be2e1b4d5e49dc96a6f373d4c9') in 0.037999 seconds
Number of updated asset objects reloaded before import = 0
Number of asset objects unloaded after import = 357
========================================================================
Received Import Request.
  Time since last request: 10.656932 seconds.
  path: Assets/Organic assets/02 Visual assets/07 Characters/Humanoid/Prefab/HumanoidBackSprite.prefab
  artifactKey: Guid(e5eb072576a6dbe48abd7b35ada957a5) Importer(815301076,1909f56bfc062723c751e8b465ee728b)
Start importing Assets/Organic assets/02 Visual assets/07 Characters/Humanoid/Prefab/HumanoidBackSprite.prefab using Guid(e5eb072576a6dbe48abd7b35ada957a5) Importer(815301076,1909f56bfc062723c751e8b465ee728b) [PhysX] Initialized MultithreadedTaskDispatcher with 16 workers.
[PhysX] Initialized MultithreadedTaskDispatcher with 16 workers.
 -> (artifact id: 'f520938b012780fe6c9a106a40bd9d06') in 0.043684 seconds
Number of updated asset objects reloaded before import = 0
Number of asset objects unloaded after import = 357
========================================================================
Received Import Request.
  Time since last request: 11.599975 seconds.
  path: Assets/Organic assets/02 Visual assets/07 Characters/Humanoid/Prefab/HumanoidBackSprite.prefab
  artifactKey: Guid(e5eb072576a6dbe48abd7b35ada957a5) Importer(815301076,1909f56bfc062723c751e8b465ee728b)
Start importing Assets/Organic assets/02 Visual assets/07 Characters/Humanoid/Prefab/HumanoidBackSprite.prefab using Guid(e5eb072576a6dbe48abd7b35ada957a5) Importer(815301076,1909f56bfc062723c751e8b465ee728b) [PhysX] Initialized MultithreadedTaskDispatcher with 16 workers.
[PhysX] Initialized MultithreadedTaskDispatcher with 16 workers.
 -> (artifact id: '8df4454c644c830ee7bc941b0386af0c') in 0.048226 seconds
Number of updated asset objects reloaded before import = 0
Number of asset objects unloaded after import = 357
========================================================================
Received Import Request.
  Time since last request: 2.889111 seconds.
  path: Assets/Organic assets/02 Visual assets/07 Characters/Humanoid/Prefab/HumanoidBackSprite.prefab
  artifactKey: Guid(e5eb072576a6dbe48abd7b35ada957a5) Importer(815301076,1909f56bfc062723c751e8b465ee728b)
Start importing Assets/Organic assets/02 Visual assets/07 Characters/Humanoid/Prefab/HumanoidBackSprite.prefab using Guid(e5eb072576a6dbe48abd7b35ada957a5) Importer(815301076,1909f56bfc062723c751e8b465ee728b) [PhysX] Initialized MultithreadedTaskDispatcher with 16 workers.
[PhysX] Initialized MultithreadedTaskDispatcher with 16 workers.
 -> (artifact id: 'c0bf63739a99a3e525546d7c2efbe279') in 0.042862 seconds
Number of updated asset objects reloaded before import = 0
Number of asset objects unloaded after import = 357
========================================================================
Received Import Request.
  Time since last request: 20.425741 seconds.
  path: Assets/Organic assets/02 Visual assets/07 Characters/Humanoid/Prefab/HumanoidBackSprite.prefab
  artifactKey: Guid(e5eb072576a6dbe48abd7b35ada957a5) Importer(815301076,1909f56bfc062723c751e8b465ee728b)
Start importing Assets/Organic assets/02 Visual assets/07 Characters/Humanoid/Prefab/HumanoidBackSprite.prefab using Guid(e5eb072576a6dbe48abd7b35ada957a5) Importer(815301076,1909f56bfc062723c751e8b465ee728b) [PhysX] Initialized MultithreadedTaskDispatcher with 16 workers.
[PhysX] Initialized MultithreadedTaskDispatcher with 16 workers.
 -> (artifact id: '0d853a6d3d2de616848d17798f1f5266') in 0.042962 seconds
Number of updated asset objects reloaded before import = 0
Number of asset objects unloaded after import = 357
========================================================================
Received Import Request.
  Time since last request: 5.284715 seconds.
  path: Assets/Organic assets/02 Visual assets/07 Characters/Humanoid/Prefab/HumanoidBackSprite.prefab
  artifactKey: Guid(e5eb072576a6dbe48abd7b35ada957a5) Importer(815301076,1909f56bfc062723c751e8b465ee728b)
Start importing Assets/Organic assets/02 Visual assets/07 Characters/Humanoid/Prefab/HumanoidBackSprite.prefab using Guid(e5eb072576a6dbe48abd7b35ada957a5) Importer(815301076,1909f56bfc062723c751e8b465ee728b) [PhysX] Initialized MultithreadedTaskDispatcher with 16 workers.
[PhysX] Initialized MultithreadedTaskDispatcher with 16 workers.
 -> (artifact id: 'f1318546d1c97aaa510522de15dfa06d') in 0.042916 seconds
Number of updated asset objects reloaded before import = 0
Number of asset objects unloaded after import = 357
========================================================================
Received Import Request.
  Time since last request: 7.496728 seconds.
  path: Assets/Organic assets/02 Visual assets/07 Characters/Humanoid/Prefab/HumanoidBackSprite.prefab
  artifactKey: Guid(e5eb072576a6dbe48abd7b35ada957a5) Importer(815301076,1909f56bfc062723c751e8b465ee728b)
Start importing Assets/Organic assets/02 Visual assets/07 Characters/Humanoid/Prefab/HumanoidBackSprite.prefab using Guid(e5eb072576a6dbe48abd7b35ada957a5) Importer(815301076,1909f56bfc062723c751e8b465ee728b) [PhysX] Initialized MultithreadedTaskDispatcher with 16 workers.
[PhysX] Initialized MultithreadedTaskDispatcher with 16 workers.
 -> (artifact id: '00a36105dda0ec50dbfae515da289da3') in 0.039267 seconds
Number of updated asset objects reloaded before import = 0
Number of asset objects unloaded after import = 357
========================================================================
Received Import Request.
  Time since last request: 3.111127 seconds.
  path: Assets/Organic assets/02 Visual assets/07 Characters/Humanoid/Prefab/HumanoidBackSprite.prefab
  artifactKey: Guid(e5eb072576a6dbe48abd7b35ada957a5) Importer(815301076,1909f56bfc062723c751e8b465ee728b)
Start importing Assets/Organic assets/02 Visual assets/07 Characters/Humanoid/Prefab/HumanoidBackSprite.prefab using Guid(e5eb072576a6dbe48abd7b35ada957a5) Importer(815301076,1909f56bfc062723c751e8b465ee728b) [PhysX] Initialized MultithreadedTaskDispatcher with 16 workers.
[PhysX] Initialized MultithreadedTaskDispatcher with 16 workers.
 -> (artifact id: 'f9b61e5d04ef7298e8c6e68ddb65949d') in 0.038064 seconds
Number of updated asset objects reloaded before import = 0
Number of asset objects unloaded after import = 357
========================================================================
Received Import Request.
  Time since last request: 4.741116 seconds.
  path: Assets/Organic assets/02 Visual assets/07 Characters/Humanoid/Prefab/HumanoidBackSprite.prefab
  artifactKey: Guid(e5eb072576a6dbe48abd7b35ada957a5) Importer(815301076,1909f56bfc062723c751e8b465ee728b)
Start importing Assets/Organic assets/02 Visual assets/07 Characters/Humanoid/Prefab/HumanoidBackSprite.prefab using Guid(e5eb072576a6dbe48abd7b35ada957a5) Importer(815301076,1909f56bfc062723c751e8b465ee728b) [PhysX] Initialized MultithreadedTaskDispatcher with 16 workers.
[PhysX] Initialized MultithreadedTaskDispatcher with 16 workers.
 -> (artifact id: '08564cd63acf40c8a9934480add6f900') in 0.048994 seconds
Number of updated asset objects reloaded before import = 0
Number of asset objects unloaded after import = 357
========================================================================
Received Import Request.
  Time since last request: 6.889968 seconds.
  path: Assets/Organic assets/02 Visual assets/07 Characters/Humanoid/Prefab/HumanoidBackSprite.prefab
  artifactKey: Guid(e5eb072576a6dbe48abd7b35ada957a5) Importer(815301076,1909f56bfc062723c751e8b465ee728b)
Start importing Assets/Organic assets/02 Visual assets/07 Characters/Humanoid/Prefab/HumanoidBackSprite.prefab using Guid(e5eb072576a6dbe48abd7b35ada957a5) Importer(815301076,1909f56bfc062723c751e8b465ee728b) [PhysX] Initialized MultithreadedTaskDispatcher with 16 workers.
[PhysX] Initialized MultithreadedTaskDispatcher with 16 workers.
 -> (artifact id: 'd956df4f1fa6cc2358e1ed113eb028df') in 0.038990 seconds
Number of updated asset objects reloaded before import = 0
Number of asset objects unloaded after import = 357
========================================================================
Received Import Request.
  Time since last request: 29.340254 seconds.
  path: Assets/Organic assets/02 Visual assets/07 Characters/Humanoid/Prefab/HumanoidBackSprite.prefab
  artifactKey: Guid(e5eb072576a6dbe48abd7b35ada957a5) Importer(815301076,1909f56bfc062723c751e8b465ee728b)
Start importing Assets/Organic assets/02 Visual assets/07 Characters/Humanoid/Prefab/HumanoidBackSprite.prefab using Guid(e5eb072576a6dbe48abd7b35ada957a5) Importer(815301076,1909f56bfc062723c751e8b465ee728b) [PhysX] Initialized MultithreadedTaskDispatcher with 16 workers.
[PhysX] Initialized MultithreadedTaskDispatcher with 16 workers.
 -> (artifact id: 'e6f77d64846306f76f20aa8533b976a7') in 0.047077 seconds
Number of updated asset objects reloaded before import = 0
Number of asset objects unloaded after import = 357
========================================================================
Received Prepare
Caller must complete domain reload
0x00007ff76292ffdd (Unity) StackWalker::GetCurrentCallstack
0x00007ff7629350b9 (Unity) StackWalker::ShowCallstack
0x00007ff7638f3f71 (Unity) GetStacktrace
0x00007ff763fa6cfe (Unity) DebugStringToFile
0x00007ff763fa6a3a (Unity) AssertImplementation
0x00007ff7637990dc (Unity) Internal_ADB_WorkerOnly_DomainReload
0x00007ff763c72074 (Unity) WorkerDomainReloadV2
0x00007ff763c93985 (Unity) <lambda_a8cef15c13bd9ac3f7eff79c3cefd4ad>::operator()
0x00007ff763ccec52 (Unity) asio::detail::completion_handler<core::mutable_function<void __cdecl(void)>,asio::io_context::basic_executor_type<std::allocator<void>,0> >::do_complete
0x00007ff763cbabfe (Unity) asio::detail::win_iocp_io_context::do_one
0x00007ff763cbc864 (Unity) asio::detail::win_iocp_io_context::run
0x00007ff763cccffc (Unity) IOService::Run
0x00007ff763ca043f (Unity) AssetImportWorkerClient::Run
0x00007ff763c6bc27 (Unity) RunAssetImportWorkerClientV2
0x00007ff763c6bcab (Unity) RunAssetImporterV2
0x00007ff76348369e (Unity) Application::InitializeProject
0x00007ff7638fec25 (Unity) WinMain
0x00007ff764cc21fe (Unity) __scrt_common_main_seh
0x00007ff9be20e957 (KERNEL32) BaseThreadInitThunk
0x00007ff9c03e7c1c (ntdll) RtlUserThreadStart

Begin MonoManager ReloadAssembly
- Loaded All Assemblies, in  1.059 seconds
Native extension for WindowsStandalone target not found
Native extension for WebGL target not found
[Package Manager] Server::EnsureServerProcessIsRunning -- launch failed, reason: Unity was launched with the -noUpm command-line argument
[Package Manager] UpmClient::Send -- Unable to send message (not connected to UPM process).
[Package Manager] Cannot connect to Unity Package Manager local server
Mono: successfully reloaded assembly
- Finished resetting the current domain, in  1.677 seconds
Domain Reload Profiling: 2731ms
	BeginReloadAssembly (608ms)
		ExecutionOrderSort (0ms)
		DisableScriptedObjects (19ms)
		BackupInstance (0ms)
		ReleaseScriptingObjects (0ms)
		CreateAndSetChildDomain (51ms)
	RebuildCommonClasses (41ms)
	RebuildNativeTypeToScriptingClass (12ms)
	initialDomainReloadingComplete (44ms)
	LoadAllAssembliesAndSetupDomain (349ms)
		LoadAssemblies (436ms)
		RebuildTransferFunctionScriptingTraits (0ms)
		AnalyzeDomain (18ms)
			TypeCache.Refresh (7ms)
				TypeCache.ScanAssembly (0ms)
			ScanForSourceGeneratedMonoScriptInfo (0ms)
			ResolveRequiredComponents (9ms)
	FinalizeReload (1677ms)
		ReleaseScriptCaches (0ms)
		RebuildScriptCaches (0ms)
		SetupLoadedEditorAssemblies (695ms)
			LogAssemblyErrors (0ms)
			InitializePlatformSupportModulesInManaged (14ms)
			SetLoadedEditorAssemblies (6ms)
			RefreshPlugins (0ms)
			BeforeProcessingInitializeOnLoad (142ms)
			ProcessInitializeOnLoadAttributes (433ms)
			ProcessInitializeOnLoadMethodAttributes (88ms)
			AfterProcessingInitializeOnLoad (12ms)
			EditorAssembliesLoaded (0ms)
		ExecutionOrderSort2 (0ms)
		AwakeInstancesAfterBackupRestoration (31ms)
Refreshing native plugins compatible for Editor in 23.96 ms, found 4 plugins.
Preloading 0 native plugins for Editor in 0.00 ms.
Unloading 3854 Unused Serialized files (Serialized files now loaded: 0)
Unloading 22 unused Assets / (346.9 KB). Loaded Objects now: 4633.
Memory consumption went from 177.8 MB to 177.4 MB.
Total: 5.830100 ms (FindLiveObjects: 0.414400 ms CreateObjectMapping: 0.323300 ms MarkObjects: 4.834600 ms  DeleteObjects: 0.255700 ms)

Prepare: number of updated asset objects reloaded= 0
AssetImportParameters requested are different than current active one (requested -> active):
  custom:container-demuxer-ogg: 62fdf1f143b41e24485cea50d1cbac27 -> 
  custom:video-codec-MediaFoundation-h265: 746d11721c4dcdbdad8f713fa42b33f4 -> 
  custom:video-decoder-ogg-theora: a1e56fd34408186e4bbccfd4996cb3dc -> 
  custom:framework-win-MediaFoundation: 216162199b28c13a410421893ffa2e32 -> 
  custom:CustomObjectIndexerAttribute: 72b91833f83ae208fae7752999fa3104 -> 
  custom:container-demuxer-webm: 4f35f7cbe854078d1ac9338744f61a02 -> 
  custom:container-muxer-webm: aa71ff27fc2769a1b78a27578f13a17b -> 
  custom:video-decoder-webm-vp8: 9c59270c3fd7afecdb556c50c9e8de78 -> 
  custom:SearchIndexIgnoredProperties: e643bd26f0fe6173181afceb89e7c659 -> 
  custom:AudioImporter_EditorPlatform: d09bf68614088b80899f8185d706f6e7 -> 
  custom:video-encoder-webm-vp8: eb34c28f22e8b96e1ab97ce403110664 -> 
  custom:audio-decoder-ogg-vorbis: bf7c407c2cedff20999df2af8eb42d56 -> 
  custom:audio-encoder-webm-vorbis: bf7c407c2cedff20999df2af8eb42d56 -> 
========================================================================
Received Import Request.
  Time since last request: 431.584675 seconds.
  path: Assets/Organic assets/02 Visual assets/07 Characters/Humanoid/Prefab/HumanoidBackSprite.prefab
  artifactKey: Guid(e5eb072576a6dbe48abd7b35ada957a5) Importer(815301076,1909f56bfc062723c751e8b465ee728b)
Start importing Assets/Organic assets/02 Visual assets/07 Characters/Humanoid/Prefab/HumanoidBackSprite.prefab using Guid(e5eb072576a6dbe48abd7b35ada957a5) Importer(815301076,1909f56bfc062723c751e8b465ee728b) [PhysX] Initialized MultithreadedTaskDispatcher with 16 workers.
[PhysX] Initialized MultithreadedTaskDispatcher with 16 workers.
 -> (artifact id: 'eabe0dd306c33bd58d457c1c19d6988a') in 0.345023 seconds
Number of updated asset objects reloaded before import = 0
Number of asset objects unloaded after import = 375
========================================================================
Received Prepare
Caller must complete domain reload
0x00007ff76292ffdd (Unity) StackWalker::GetCurrentCallstack
0x00007ff7629350b9 (Unity) StackWalker::ShowCallstack
0x00007ff7638f3f71 (Unity) GetStacktrace
0x00007ff763fa6cfe (Unity) DebugStringToFile
0x00007ff763fa6a3a (Unity) AssertImplementation
0x00007ff7637990dc (Unity) Internal_ADB_WorkerOnly_DomainReload
0x00007ff763c72074 (Unity) WorkerDomainReloadV2
0x00007ff763c93985 (Unity) <lambda_a8cef15c13bd9ac3f7eff79c3cefd4ad>::operator()
0x00007ff763ccec52 (Unity) asio::detail::completion_handler<core::mutable_function<void __cdecl(void)>,asio::io_context::basic_executor_type<std::allocator<void>,0> >::do_complete
0x00007ff763cbabfe (Unity) asio::detail::win_iocp_io_context::do_one
0x00007ff763cbc864 (Unity) asio::detail::win_iocp_io_context::run
0x00007ff763cccffc (Unity) IOService::Run
0x00007ff763ca043f (Unity) AssetImportWorkerClient::Run
0x00007ff763c6bc27 (Unity) RunAssetImportWorkerClientV2
0x00007ff763c6bcab (Unity) RunAssetImporterV2
0x00007ff76348369e (Unity) Application::InitializeProject
0x00007ff7638fec25 (Unity) WinMain
0x00007ff764cc21fe (Unity) __scrt_common_main_seh
0x00007ff9be20e957 (KERNEL32) BaseThreadInitThunk
0x00007ff9c03e7c1c (ntdll) RtlUserThreadStart

Begin MonoManager ReloadAssembly
- Loaded All Assemblies, in  1.133 seconds
Native extension for WindowsStandalone target not found
Native extension for WebGL target not found
[Package Manager] Server::EnsureServerProcessIsRunning -- launch failed, reason: Unity was launched with the -noUpm command-line argument
[Package Manager] UpmClient::Send -- Unable to send message (not connected to UPM process).
[Package Manager] Cannot connect to Unity Package Manager local server
Mono: successfully reloaded assembly
- Finished resetting the current domain, in  1.494 seconds
Domain Reload Profiling: 2620ms
	BeginReloadAssembly (683ms)
		ExecutionOrderSort (0ms)
		DisableScriptedObjects (17ms)
		BackupInstance (0ms)
		ReleaseScriptingObjects (0ms)
		CreateAndSetChildDomain (65ms)
	RebuildCommonClasses (40ms)
	RebuildNativeTypeToScriptingClass (13ms)
	initialDomainReloadingComplete (44ms)
	LoadAllAssembliesAndSetupDomain (346ms)
		LoadAssemblies (410ms)
		RebuildTransferFunctionScriptingTraits (0ms)
		AnalyzeDomain (50ms)
			TypeCache.Refresh (12ms)
				TypeCache.ScanAssembly (2ms)
			ScanForSourceGeneratedMonoScriptInfo (27ms)
			ResolveRequiredComponents (9ms)
	FinalizeReload (1494ms)
		ReleaseScriptCaches (0ms)
		RebuildScriptCaches (0ms)
		SetupLoadedEditorAssemblies (629ms)
			LogAssemblyErrors (0ms)
			InitializePlatformSupportModulesInManaged (11ms)
			SetLoadedEditorAssemblies (5ms)
			RefreshPlugins (0ms)
			BeforeProcessingInitializeOnLoad (118ms)
			ProcessInitializeOnLoadAttributes (407ms)
			ProcessInitializeOnLoadMethodAttributes (78ms)
			AfterProcessingInitializeOnLoad (11ms)
			EditorAssembliesLoaded (0ms)
		ExecutionOrderSort2 (0ms)
		AwakeInstancesAfterBackupRestoration (26ms)
Refreshing native plugins compatible for Editor in 20.28 ms, found 4 plugins.
Preloading 0 native plugins for Editor in 0.00 ms.
Unloading 3854 Unused Serialized files (Serialized files now loaded: 0)
Unloading 22 unused Assets / (346.9 KB). Loaded Objects now: 4673.
Memory consumption went from 177.8 MB to 177.5 MB.
Total: 4.053300 ms (FindLiveObjects: 0.370000 ms CreateObjectMapping: 0.171400 ms MarkObjects: 3.287300 ms  DeleteObjects: 0.222300 ms)

Prepare: number of updated asset objects reloaded= 0
AssetImportParameters requested are different than current active one (requested -> active):
  custom:container-demuxer-ogg: 62fdf1f143b41e24485cea50d1cbac27 -> 
  custom:video-codec-MediaFoundation-h265: 746d11721c4dcdbdad8f713fa42b33f4 -> 
  custom:video-decoder-ogg-theora: a1e56fd34408186e4bbccfd4996cb3dc -> 
  custom:framework-win-MediaFoundation: 216162199b28c13a410421893ffa2e32 -> 
  custom:CustomObjectIndexerAttribute: 72b91833f83ae208fae7752999fa3104 -> 
  custom:container-demuxer-webm: 4f35f7cbe854078d1ac9338744f61a02 -> 
  custom:container-muxer-webm: aa71ff27fc2769a1b78a27578f13a17b -> 
  custom:video-decoder-webm-vp8: 9c59270c3fd7afecdb556c50c9e8de78 -> 
  custom:SearchIndexIgnoredProperties: e643bd26f0fe6173181afceb89e7c659 -> 
  custom:AudioImporter_EditorPlatform: d09bf68614088b80899f8185d706f6e7 -> 
  custom:video-encoder-webm-vp8: eb34c28f22e8b96e1ab97ce403110664 -> 
  custom:audio-decoder-ogg-vorbis: bf7c407c2cedff20999df2af8eb42d56 -> 
  custom:audio-encoder-webm-vorbis: bf7c407c2cedff20999df2af8eb42d56 -> 
========================================================================
Received Import Request.
  Time since last request: 31.044497 seconds.
  path: Assets/Organic assets/02 Visual assets/07 Characters/Humanoid/Prefab/HumanoidBackSprite.prefab
  artifactKey: Guid(e5eb072576a6dbe48abd7b35ada957a5) Importer(815301076,1909f56bfc062723c751e8b465ee728b)
Start importing Assets/Organic assets/02 Visual assets/07 Characters/Humanoid/Prefab/HumanoidBackSprite.prefab using Guid(e5eb072576a6dbe48abd7b35ada957a5) Importer(815301076,1909f56bfc062723c751e8b465ee728b) [PhysX] Initialized MultithreadedTaskDispatcher with 16 workers.
[PhysX] Initialized MultithreadedTaskDispatcher with 16 workers.
 -> (artifact id: '353907f5cca0cbf9278096f39ae6ce3a') in 0.363625 seconds
Number of updated asset objects reloaded before import = 0
Number of asset objects unloaded after import = 375
========================================================================
Received Prepare
Caller must complete domain reload
0x00007ff76292ffdd (Unity) StackWalker::GetCurrentCallstack
0x00007ff7629350b9 (Unity) StackWalker::ShowCallstack
0x00007ff7638f3f71 (Unity) GetStacktrace
0x00007ff763fa6cfe (Unity) DebugStringToFile
0x00007ff763fa6a3a (Unity) AssertImplementation
0x00007ff7637990dc (Unity) Internal_ADB_WorkerOnly_DomainReload
0x00007ff763c72074 (Unity) WorkerDomainReloadV2
0x00007ff763c93985 (Unity) <lambda_a8cef15c13bd9ac3f7eff79c3cefd4ad>::operator()
0x00007ff763ccec52 (Unity) asio::detail::completion_handler<core::mutable_function<void __cdecl(void)>,asio::io_context::basic_executor_type<std::allocator<void>,0> >::do_complete
0x00007ff763cbabfe (Unity) asio::detail::win_iocp_io_context::do_one
0x00007ff763cbc864 (Unity) asio::detail::win_iocp_io_context::run
0x00007ff763cccffc (Unity) IOService::Run
0x00007ff763ca043f (Unity) AssetImportWorkerClient::Run
0x00007ff763c6bc27 (Unity) RunAssetImportWorkerClientV2
0x00007ff763c6bcab (Unity) RunAssetImporterV2
0x00007ff76348369e (Unity) Application::InitializeProject
0x00007ff7638fec25 (Unity) WinMain
0x00007ff764cc21fe (Unity) __scrt_common_main_seh
0x00007ff9be20e957 (KERNEL32) BaseThreadInitThunk
0x00007ff9c03e7c1c (ntdll) RtlUserThreadStart

Begin MonoManager ReloadAssembly
- Loaded All Assemblies, in  1.046 seconds
Native extension for WindowsStandalone target not found
Native extension for WebGL target not found
[Package Manager] Server::EnsureServerProcessIsRunning -- launch failed, reason: Unity was launched with the -noUpm command-line argument
[Package Manager] UpmClient::Send -- Unable to send message (not connected to UPM process).
[Package Manager] Cannot connect to Unity Package Manager local server
Mono: successfully reloaded assembly
- Finished resetting the current domain, in  1.535 seconds
Domain Reload Profiling: 2576ms
	BeginReloadAssembly (609ms)
		ExecutionOrderSort (0ms)
		DisableScriptedObjects (18ms)
		BackupInstance (0ms)
		ReleaseScriptingObjects (0ms)
		CreateAndSetChildDomain (54ms)
	RebuildCommonClasses (40ms)
	RebuildNativeTypeToScriptingClass (16ms)
	initialDomainReloadingComplete (39ms)
	LoadAllAssembliesAndSetupDomain (337ms)
		LoadAssemblies (395ms)
		RebuildTransferFunctionScriptingTraits (0ms)
		AnalyzeDomain (48ms)
			TypeCache.Refresh (12ms)
				TypeCache.ScanAssembly (2ms)
			ScanForSourceGeneratedMonoScriptInfo (25ms)
			ResolveRequiredComponents (9ms)
	FinalizeReload (1536ms)
		ReleaseScriptCaches (0ms)
		RebuildScriptCaches (0ms)
		SetupLoadedEditorAssemblies (618ms)
			LogAssemblyErrors (0ms)
			InitializePlatformSupportModulesInManaged (10ms)
			SetLoadedEditorAssemblies (5ms)
			RefreshPlugins (0ms)
			BeforeProcessingInitializeOnLoad (120ms)
			ProcessInitializeOnLoadAttributes (396ms)
			ProcessInitializeOnLoadMethodAttributes (75ms)
			AfterProcessingInitializeOnLoad (11ms)
			EditorAssembliesLoaded (0ms)
		ExecutionOrderSort2 (0ms)
		AwakeInstancesAfterBackupRestoration (25ms)
Refreshing native plugins compatible for Editor in 20.35 ms, found 4 plugins.
Preloading 0 native plugins for Editor in 0.00 ms.
Unloading 3854 Unused Serialized files (Serialized files now loaded: 0)
Unloading 22 unused Assets / (346.4 KB). Loaded Objects now: 4713.
Memory consumption went from 177.8 MB to 177.5 MB.
Total: 4.342400 ms (FindLiveObjects: 0.361300 ms CreateObjectMapping: 0.238800 ms MarkObjects: 3.477600 ms  DeleteObjects: 0.262900 ms)

Prepare: number of updated asset objects reloaded= 0
AssetImportParameters requested are different than current active one (requested -> active):
  custom:container-demuxer-ogg: 62fdf1f143b41e24485cea50d1cbac27 -> 
  custom:video-codec-MediaFoundation-h265: 746d11721c4dcdbdad8f713fa42b33f4 -> 
  custom:video-decoder-ogg-theora: a1e56fd34408186e4bbccfd4996cb3dc -> 
  custom:framework-win-MediaFoundation: 216162199b28c13a410421893ffa2e32 -> 
  custom:CustomObjectIndexerAttribute: 72b91833f83ae208fae7752999fa3104 -> 
  custom:container-demuxer-webm: 4f35f7cbe854078d1ac9338744f61a02 -> 
  custom:container-muxer-webm: aa71ff27fc2769a1b78a27578f13a17b -> 
  custom:video-decoder-webm-vp8: 9c59270c3fd7afecdb556c50c9e8de78 -> 
  custom:SearchIndexIgnoredProperties: e643bd26f0fe6173181afceb89e7c659 -> 
  custom:AudioImporter_EditorPlatform: d09bf68614088b80899f8185d706f6e7 -> 
  custom:video-encoder-webm-vp8: eb34c28f22e8b96e1ab97ce403110664 -> 
  custom:audio-decoder-ogg-vorbis: bf7c407c2cedff20999df2af8eb42d56 -> 
  custom:audio-encoder-webm-vorbis: bf7c407c2cedff20999df2af8eb42d56 -> 
========================================================================
Received Prepare
Caller must complete domain reload
0x00007ff76292ffdd (Unity) StackWalker::GetCurrentCallstack
0x00007ff7629350b9 (Unity) StackWalker::ShowCallstack
0x00007ff7638f3f71 (Unity) GetStacktrace
0x00007ff763fa6cfe (Unity) DebugStringToFile
0x00007ff763fa6a3a (Unity) AssertImplementation
0x00007ff7637990dc (Unity) Internal_ADB_WorkerOnly_DomainReload
0x00007ff763c72074 (Unity) WorkerDomainReloadV2
0x00007ff763c93985 (Unity) <lambda_a8cef15c13bd9ac3f7eff79c3cefd4ad>::operator()
0x00007ff763ccec52 (Unity) asio::detail::completion_handler<core::mutable_function<void __cdecl(void)>,asio::io_context::basic_executor_type<std::allocator<void>,0> >::do_complete
0x00007ff763cbabfe (Unity) asio::detail::win_iocp_io_context::do_one
0x00007ff763cbc864 (Unity) asio::detail::win_iocp_io_context::run
0x00007ff763cccffc (Unity) IOService::Run
0x00007ff763ca043f (Unity) AssetImportWorkerClient::Run
0x00007ff763c6bc27 (Unity) RunAssetImportWorkerClientV2
0x00007ff763c6bcab (Unity) RunAssetImporterV2
0x00007ff76348369e (Unity) Application::InitializeProject
0x00007ff7638fec25 (Unity) WinMain
0x00007ff764cc21fe (Unity) __scrt_common_main_seh
0x00007ff9be20e957 (KERNEL32) BaseThreadInitThunk
0x00007ff9c03e7c1c (ntdll) RtlUserThreadStart

Begin MonoManager ReloadAssembly
- Loaded All Assemblies, in  1.008 seconds
Native extension for WindowsStandalone target not found
Native extension for WebGL target not found
[Package Manager] Server::EnsureServerProcessIsRunning -- launch failed, reason: Unity was launched with the -noUpm command-line argument
[Package Manager] UpmClient::Send -- Unable to send message (not connected to UPM process).
[Package Manager] Cannot connect to Unity Package Manager local server
Mono: successfully reloaded assembly
- Finished resetting the current domain, in  1.762 seconds
Domain Reload Profiling: 2764ms
	BeginReloadAssembly (581ms)
		ExecutionOrderSort (0ms)
		DisableScriptedObjects (13ms)
		BackupInstance (0ms)
		ReleaseScriptingObjects (0ms)
		CreateAndSetChildDomain (47ms)
	RebuildCommonClasses (44ms)
	RebuildNativeTypeToScriptingClass (11ms)
	initialDomainReloadingComplete (41ms)
	LoadAllAssembliesAndSetupDomain (324ms)
		LoadAssemblies (399ms)
		RebuildTransferFunctionScriptingTraits (0ms)
		AnalyzeDomain (19ms)
			TypeCache.Refresh (7ms)
				TypeCache.ScanAssembly (0ms)
			ScanForSourceGeneratedMonoScriptInfo (0ms)
			ResolveRequiredComponents (10ms)
	FinalizeReload (1763ms)
		ReleaseScriptCaches (0ms)
		RebuildScriptCaches (0ms)
		SetupLoadedEditorAssemblies (771ms)
			LogAssemblyErrors (0ms)
			InitializePlatformSupportModulesInManaged (12ms)
			SetLoadedEditorAssemblies (5ms)
			RefreshPlugins (0ms)
			BeforeProcessingInitializeOnLoad (135ms)
			ProcessInitializeOnLoadAttributes (498ms)
			ProcessInitializeOnLoadMethodAttributes (104ms)
			AfterProcessingInitializeOnLoad (17ms)
			EditorAssembliesLoaded (0ms)
		ExecutionOrderSort2 (0ms)
		AwakeInstancesAfterBackupRestoration (40ms)
Refreshing native plugins compatible for Editor in 24.98 ms, found 4 plugins.
Preloading 0 native plugins for Editor in 0.00 ms.
Unloading 3854 Unused Serialized files (Serialized files now loaded: 0)
Unloading 22 unused Assets / (346.6 KB). Loaded Objects now: 4717.
Memory consumption went from 177.8 MB to 177.4 MB.
Total: 5.081800 ms (FindLiveObjects: 0.582400 ms CreateObjectMapping: 0.329000 ms MarkObjects: 3.885200 ms  DeleteObjects: 0.282800 ms)

Prepare: number of updated asset objects reloaded= 0
AssetImportParameters requested are different than current active one (requested -> active):
  custom:container-demuxer-ogg: 62fdf1f143b41e24485cea50d1cbac27 -> 
  custom:video-codec-MediaFoundation-h265: 746d11721c4dcdbdad8f713fa42b33f4 -> 
  custom:video-decoder-ogg-theora: a1e56fd34408186e4bbccfd4996cb3dc -> 
  custom:framework-win-MediaFoundation: 216162199b28c13a410421893ffa2e32 -> 
  custom:CustomObjectIndexerAttribute: 72b91833f83ae208fae7752999fa3104 -> 
  custom:container-demuxer-webm: 4f35f7cbe854078d1ac9338744f61a02 -> 
  custom:container-muxer-webm: aa71ff27fc2769a1b78a27578f13a17b -> 
  custom:video-decoder-webm-vp8: 9c59270c3fd7afecdb556c50c9e8de78 -> 
  custom:SearchIndexIgnoredProperties: e643bd26f0fe6173181afceb89e7c659 -> 
  custom:AudioImporter_EditorPlatform: d09bf68614088b80899f8185d706f6e7 -> 
  custom:video-encoder-webm-vp8: eb34c28f22e8b96e1ab97ce403110664 -> 
  custom:audio-decoder-ogg-vorbis: bf7c407c2cedff20999df2af8eb42d56 -> 
  custom:audio-encoder-webm-vorbis: bf7c407c2cedff20999df2af8eb42d56 -> 
========================================================================
Received Import Request.
  Time since last request: 242.421992 seconds.
  path: Assets/Organic assets/02 Visual assets/07 Characters/Humanoid/Bones/BoneBelly.prefab
  artifactKey: Guid(4f1162f388a31f74c8c356348510a409) Importer(815301076,1909f56bfc062723c751e8b465ee728b)
Start importing Assets/Organic assets/02 Visual assets/07 Characters/Humanoid/Bones/BoneBelly.prefab using Guid(4f1162f388a31f74c8c356348510a409) Importer(815301076,1909f56bfc062723c751e8b465ee728b) [PhysX] Initialized MultithreadedTaskDispatcher with 16 workers.
[PhysX] Initialized MultithreadedTaskDispatcher with 16 workers.
 -> (artifact id: 'fe09f264347bfa79be5979cc90786479') in 0.309318 seconds
Number of updated asset objects reloaded before import = 0
Number of asset objects unloaded after import = 242
========================================================================
Received Import Request.
  Time since last request: 18.726549 seconds.
  path: Assets/Organic assets/02 Visual assets/07 Characters/Humanoid/Bones/BonesFront.prefab
  artifactKey: Guid(4f1162f388a31f74c8c356348510a409) Importer(815301076,1909f56bfc062723c751e8b465ee728b)
Start importing Assets/Organic assets/02 Visual assets/07 Characters/Humanoid/Bones/BonesFront.prefab using Guid(4f1162f388a31f74c8c356348510a409) Importer(815301076,1909f56bfc062723c751e8b465ee728b) [PhysX] Initialized MultithreadedTaskDispatcher with 16 workers.
[PhysX] Initialized MultithreadedTaskDispatcher with 16 workers.
 -> (artifact id: '4f083587456206c6775581c22d32362c') in 0.022391 seconds
Number of updated asset objects reloaded before import = 0
Number of asset objects unloaded after import = 224
========================================================================
Received Import Request.
  Time since last request: 1.896513 seconds.
  path: Assets/Organic assets/02 Visual assets/07 Characters/Humanoid/Prefab/HumanoidFrontSprite.prefab
  artifactKey: Guid(df53a630e4adbd749932dcd2e053ae9c) Importer(815301076,1909f56bfc062723c751e8b465ee728b)
Start importing Assets/Organic assets/02 Visual assets/07 Characters/Humanoid/Prefab/HumanoidFrontSprite.prefab using Guid(df53a630e4adbd749932dcd2e053ae9c) Importer(815301076,1909f56bfc062723c751e8b465ee728b) [PhysX] Initialized MultithreadedTaskDispatcher with 16 workers.
[PhysX] Initialized MultithreadedTaskDispatcher with 16 workers.
 -> (artifact id: '894d9b90eb58202f577cc62edf62d581') in 0.068772 seconds
Number of updated asset objects reloaded before import = 0
Number of asset objects unloaded after import = 528
========================================================================
Received Import Request.
  Time since last request: 12.023955 seconds.
  path: Assets/Organic assets/02 Visual assets/07 Characters/Humanoid/Bones/HumanoidFrontBones.prefab
  artifactKey: Guid(4f1162f388a31f74c8c356348510a409) Importer(815301076,1909f56bfc062723c751e8b465ee728b)
Start importing Assets/Organic assets/02 Visual assets/07 Characters/Humanoid/Bones/HumanoidFrontBones.prefab using Guid(4f1162f388a31f74c8c356348510a409) Importer(815301076,1909f56bfc062723c751e8b465ee728b) [PhysX] Initialized MultithreadedTaskDispatcher with 16 workers.
[PhysX] Initialized MultithreadedTaskDispatcher with 16 workers.
 -> (artifact id: 'cca6b30e311b049d5174f0382e8a502f') in 0.025597 seconds
Number of updated asset objects reloaded before import = 0
Number of asset objects unloaded after import = 224
========================================================================
Received Import Request.
  Time since last request: 38.593519 seconds.
  path: Assets/Organic assets/02 Visual assets/07 Characters/Humanoid/Prefab/HumanoidFrontSprite.prefab
  artifactKey: Guid(df53a630e4adbd749932dcd2e053ae9c) Importer(815301076,1909f56bfc062723c751e8b465ee728b)
Start importing Assets/Organic assets/02 Visual assets/07 Characters/Humanoid/Prefab/HumanoidFrontSprite.prefab using Guid(df53a630e4adbd749932dcd2e053ae9c) Importer(815301076,1909f56bfc062723c751e8b465ee728b) [PhysX] Initialized MultithreadedTaskDispatcher with 16 workers.
[PhysX] Initialized MultithreadedTaskDispatcher with 16 workers.
 -> (artifact id: '6304e45dfa52ecf81a1fff448f7ea8be') in 0.042706 seconds
Number of updated asset objects reloaded before import = 0
Number of asset objects unloaded after import = 528
========================================================================
Received Import Request.
  Time since last request: 7.770284 seconds.
  path: Assets/Organic assets/02 Visual assets/07 Characters/Humanoid/Bones/BoneBelly.prefab
  artifactKey: Guid(adf16d5c0292a89468585736a8f5fe19) Importer(815301076,1909f56bfc062723c751e8b465ee728b)
Start importing Assets/Organic assets/02 Visual assets/07 Characters/Humanoid/Bones/BoneBelly.prefab using Guid(adf16d5c0292a89468585736a8f5fe19) Importer(815301076,1909f56bfc062723c751e8b465ee728b) [PhysX] Initialized MultithreadedTaskDispatcher with 16 workers.
[PhysX] Initialized MultithreadedTaskDispatcher with 16 workers.
 -> (artifact id: 'da3f97722633ad2b6607cf1e1191a413') in 0.031767 seconds
Number of updated asset objects reloaded before import = 0
Number of asset objects unloaded after import = 250
========================================================================
Received Import Request.
  Time since last request: 8.659024 seconds.
  path: Assets/Organic assets/02 Visual assets/07 Characters/Humanoid/Bones/HumanoidBackBones.prefab
  artifactKey: Guid(adf16d5c0292a89468585736a8f5fe19) Importer(815301076,1909f56bfc062723c751e8b465ee728b)
Start importing Assets/Organic assets/02 Visual assets/07 Characters/Humanoid/Bones/HumanoidBackBones.prefab using Guid(adf16d5c0292a89468585736a8f5fe19) Importer(815301076,1909f56bfc062723c751e8b465ee728b) [PhysX] Initialized MultithreadedTaskDispatcher with 16 workers.
[PhysX] Initialized MultithreadedTaskDispatcher with 16 workers.
 -> (artifact id: '5abc152ce7c608daae38df015f8433c6') in 0.032077 seconds
Number of updated asset objects reloaded before import = 0
Number of asset objects unloaded after import = 250
========================================================================
Received Import Request.
  Time since last request: 15.040119 seconds.
  path: Assets/Organic assets/02 Visual assets/07 Characters/Humanoid/Prefab/HumanoidBackSprite.prefab
  artifactKey: Guid(e5eb072576a6dbe48abd7b35ada957a5) Importer(815301076,1909f56bfc062723c751e8b465ee728b)
Start importing Assets/Organic assets/02 Visual assets/07 Characters/Humanoid/Prefab/HumanoidBackSprite.prefab using Guid(e5eb072576a6dbe48abd7b35ada957a5) Importer(815301076,1909f56bfc062723c751e8b465ee728b) [PhysX] Initialized MultithreadedTaskDispatcher with 16 workers.
[PhysX] Initialized MultithreadedTaskDispatcher with 16 workers.
 -> (artifact id: 'b7027d090967acc4d8f13c77539326ee') in 0.045783 seconds
Number of updated asset objects reloaded before import = 0
Number of asset objects unloaded after import = 578
========================================================================
Received Import Request.
  Time since last request: 14.852299 seconds.
  path: Assets/Organic assets/02 Visual assets/07 Characters/Humanoid/Prefab/HumanoidBackSprite.prefab
  artifactKey: Guid(e5eb072576a6dbe48abd7b35ada957a5) Importer(815301076,1909f56bfc062723c751e8b465ee728b)
Start importing Assets/Organic assets/02 Visual assets/07 Characters/Humanoid/Prefab/HumanoidBackSprite.prefab using Guid(e5eb072576a6dbe48abd7b35ada957a5) Importer(815301076,1909f56bfc062723c751e8b465ee728b) [PhysX] Initialized MultithreadedTaskDispatcher with 16 workers.
[PhysX] Initialized MultithreadedTaskDispatcher with 16 workers.
 -> (artifact id: 'd37fab85964000d7185b730112181efc') in 0.046461 seconds
Number of updated asset objects reloaded before import = 0
Number of asset objects unloaded after import = 578
========================================================================
Received Prepare
Caller must complete domain reload
0x00007ff76292ffdd (Unity) StackWalker::GetCurrentCallstack
0x00007ff7629350b9 (Unity) StackWalker::ShowCallstack
0x00007ff7638f3f71 (Unity) GetStacktrace
0x00007ff763fa6cfe (Unity) DebugStringToFile
0x00007ff763fa6a3a (Unity) AssertImplementation
0x00007ff7637990dc (Unity) Internal_ADB_WorkerOnly_DomainReload
0x00007ff763c72074 (Unity) WorkerDomainReloadV2
0x00007ff763c93985 (Unity) <lambda_a8cef15c13bd9ac3f7eff79c3cefd4ad>::operator()
0x00007ff763ccec52 (Unity) asio::detail::completion_handler<core::mutable_function<void __cdecl(void)>,asio::io_context::basic_executor_type<std::allocator<void>,0> >::do_complete
0x00007ff763cbabfe (Unity) asio::detail::win_iocp_io_context::do_one
0x00007ff763cbc864 (Unity) asio::detail::win_iocp_io_context::run
0x00007ff763cccffc (Unity) IOService::Run
0x00007ff763ca043f (Unity) AssetImportWorkerClient::Run
0x00007ff763c6bc27 (Unity) RunAssetImportWorkerClientV2
0x00007ff763c6bcab (Unity) RunAssetImporterV2
0x00007ff76348369e (Unity) Application::InitializeProject
0x00007ff7638fec25 (Unity) WinMain
0x00007ff764cc21fe (Unity) __scrt_common_main_seh
0x00007ff9be20e957 (KERNEL32) BaseThreadInitThunk
0x00007ff9c03e7c1c (ntdll) RtlUserThreadStart

Begin MonoManager ReloadAssembly
- Loaded All Assemblies, in  0.972 seconds
Native extension for WindowsStandalone target not found
Native extension for WebGL target not found
[Package Manager] Server::EnsureServerProcessIsRunning -- launch failed, reason: Unity was launched with the -noUpm command-line argument
[Package Manager] UpmClient::Send -- Unable to send message (not connected to UPM process).
[Package Manager] Cannot connect to Unity Package Manager local server
Mono: successfully reloaded assembly
- Finished resetting the current domain, in  1.724 seconds
Domain Reload Profiling: 2691ms
	BeginReloadAssembly (554ms)
		ExecutionOrderSort (0ms)
		DisableScriptedObjects (17ms)
		BackupInstance (0ms)
		ReleaseScriptingObjects (0ms)
		CreateAndSetChildDomain (51ms)
	RebuildCommonClasses (33ms)
	RebuildNativeTypeToScriptingClass (15ms)
	initialDomainReloadingComplete (39ms)
	LoadAllAssembliesAndSetupDomain (324ms)
		LoadAssemblies (397ms)
		RebuildTransferFunctionScriptingTraits (0ms)
		AnalyzeDomain (22ms)
			TypeCache.Refresh (7ms)
				TypeCache.ScanAssembly (0ms)
			ScanForSourceGeneratedMonoScriptInfo (0ms)
			ResolveRequiredComponents (12ms)
	FinalizeReload (1725ms)
		ReleaseScriptCaches (0ms)
		RebuildScriptCaches (0ms)
		SetupLoadedEditorAssemblies (751ms)
			LogAssemblyErrors (0ms)
			InitializePlatformSupportModulesInManaged (14ms)
			SetLoadedEditorAssemblies (6ms)
			RefreshPlugins (0ms)
			BeforeProcessingInitializeOnLoad (142ms)
			ProcessInitializeOnLoadAttributes (480ms)
			ProcessInitializeOnLoadMethodAttributes (95ms)
			AfterProcessingInitializeOnLoad (13ms)
			EditorAssembliesLoaded (0ms)
		ExecutionOrderSort2 (0ms)
		AwakeInstancesAfterBackupRestoration (34ms)
Refreshing native plugins compatible for Editor in 24.13 ms, found 4 plugins.
Preloading 0 native plugins for Editor in 0.00 ms.
Unloading 3854 Unused Serialized files (Serialized files now loaded: 0)
Unloading 22 unused Assets / (346.5 KB). Loaded Objects now: 4757.
Memory consumption went from 178.2 MB to 177.9 MB.
Total: 4.488900 ms (FindLiveObjects: 0.424600 ms CreateObjectMapping: 0.409500 ms MarkObjects: 3.344400 ms  DeleteObjects: 0.307600 ms)

Prepare: number of updated asset objects reloaded= 0
AssetImportParameters requested are different than current active one (requested -> active):
  custom:container-demuxer-ogg: 62fdf1f143b41e24485cea50d1cbac27 -> 
  custom:video-codec-MediaFoundation-h265: 746d11721c4dcdbdad8f713fa42b33f4 -> 
  custom:video-decoder-ogg-theora: a1e56fd34408186e4bbccfd4996cb3dc -> 
  custom:framework-win-MediaFoundation: 216162199b28c13a410421893ffa2e32 -> 
  custom:CustomObjectIndexerAttribute: 72b91833f83ae208fae7752999fa3104 -> 
  custom:container-demuxer-webm: 4f35f7cbe854078d1ac9338744f61a02 -> 
  custom:container-muxer-webm: aa71ff27fc2769a1b78a27578f13a17b -> 
  custom:video-decoder-webm-vp8: 9c59270c3fd7afecdb556c50c9e8de78 -> 
  custom:SearchIndexIgnoredProperties: e643bd26f0fe6173181afceb89e7c659 -> 
  custom:AudioImporter_EditorPlatform: d09bf68614088b80899f8185d706f6e7 -> 
  custom:video-encoder-webm-vp8: eb34c28f22e8b96e1ab97ce403110664 -> 
  custom:audio-decoder-ogg-vorbis: bf7c407c2cedff20999df2af8eb42d56 -> 
  custom:audio-encoder-webm-vorbis: bf7c407c2cedff20999df2af8eb42d56 -> 
========================================================================
Received Import Request.
  Time since last request: 39.463265 seconds.
  path: Assets/Organic assets/02 Visual assets/07 Characters/Humanoid/Animation/HumanoidFrontSprite.controller
  artifactKey: Guid(59001b054823c7645882d9b9444da7be) Importer(815301076,1909f56bfc062723c751e8b465ee728b)
Start importing Assets/Organic assets/02 Visual assets/07 Characters/Humanoid/Animation/HumanoidFrontSprite.controller using Guid(59001b054823c7645882d9b9444da7be) Importer(815301076,1909f56bfc062723c751e8b465ee728b) [PhysX] Initialized MultithreadedTaskDispatcher with 16 workers.
 -> (artifact id: 'da4a97eb16f531b7907ab5b15d2fc61a') in 0.022855 seconds
Number of updated asset objects reloaded before import = 0
Number of asset objects unloaded after import = 20
========================================================================
Received Import Request.
  Time since last request: 123.323554 seconds.
  path: Assets/Organic assets/02 Visual assets/07 Characters/Humanoid/Animation/HumanoidFrontSprite_Idle.anim
  artifactKey: Guid(b8bbd391f4e1ce642b76f3d8aeb3cac9) Importer(815301076,1909f56bfc062723c751e8b465ee728b)
Start importing Assets/Organic assets/02 Visual assets/07 Characters/Humanoid/Animation/HumanoidFrontSprite_Idle.anim using Guid(b8bbd391f4e1ce642b76f3d8aeb3cac9) Importer(815301076,1909f56bfc062723c751e8b465ee728b) [PhysX] Initialized MultithreadedTaskDispatcher with 16 workers.
 -> (artifact id: '864d576f2c3011d335412d176ca53318') in 0.003342 seconds
Number of updated asset objects reloaded before import = 0
Number of asset objects unloaded after import = 1
========================================================================
Received Import Request.
  Time since last request: 2963.092092 seconds.
  path: Assets/Organic assets/02 Visual assets/07 Characters/Humanoid/PSD/HumanoidFrontSprite.psb
  artifactKey: Guid(970b05881613d234a92a1696e773577e) Importer(815301076,1909f56bfc062723c751e8b465ee728b)
Start importing Assets/Organic assets/02 Visual assets/07 Characters/Humanoid/PSD/HumanoidFrontSprite.psb using Guid(970b05881613d234a92a1696e773577e) Importer(815301076,1909f56bfc062723c751e8b465ee728b) [PhysX] Initialized MultithreadedTaskDispatcher with 16 workers.
[PhysX] Initialized MultithreadedTaskDispatcher with 16 workers.
[PhysX] Initialized MultithreadedTaskDispatcher with 16 workers.
[PhysX] Initialized MultithreadedTaskDispatcher with 16 workers.
[PhysX] Initialized MultithreadedTaskDispatcher with 16 workers.
[PhysX] Initialized MultithreadedTaskDispatcher with 16 workers.
[PhysX] Initialized MultithreadedTaskDispatcher with 16 workers.
[PhysX] Initialized MultithreadedTaskDispatcher with 16 workers.
[PhysX] Initialized MultithreadedTaskDispatcher with 16 workers.
[PhysX] Initialized MultithreadedTaskDispatcher with 16 workers.
[PhysX] Initialized MultithreadedTaskDispatcher with 16 workers.
[PhysX] Initialized MultithreadedTaskDispatcher with 16 workers.
[PhysX] Initialized MultithreadedTaskDispatcher with 16 workers.
[PhysX] Initialized MultithreadedTaskDispatcher with 16 workers.
[PhysX] Initialized MultithreadedTaskDispatcher with 16 workers.
[PhysX] Initialized MultithreadedTaskDispatcher with 16 workers.
[PhysX] Initialized MultithreadedTaskDispatcher with 16 workers.
[PhysX] Initialized MultithreadedTaskDispatcher with 16 workers.
[PhysX] Initialized MultithreadedTaskDispatcher with 16 workers.
[PhysX] Initialized MultithreadedTaskDispatcher with 16 workers.
[PhysX] Initialized MultithreadedTaskDispatcher with 16 workers.
[PhysX] Initialized MultithreadedTaskDispatcher with 16 workers.
[PhysX] Initialized MultithreadedTaskDispatcher with 16 workers.
[PhysX] Initialized MultithreadedTaskDispatcher with 16 workers.
[PhysX] Initialized MultithreadedTaskDispatcher with 16 workers.
[PhysX] Initialized MultithreadedTaskDispatcher with 16 workers.
[PhysX] Initialized MultithreadedTaskDispatcher with 16 workers.
[PhysX] Initialized MultithreadedTaskDispatcher with 16 workers.
[PhysX] Initialized MultithreadedTaskDispatcher with 16 workers.
[PhysX] Initialized MultithreadedTaskDispatcher with 16 workers.
 -> (artifact id: '399a3a0cafd28ceb54242ce26d4d0a17') in 1.638148 seconds
Number of updated asset objects reloaded before import = 0
Number of asset objects unloaded after import = 1717
========================================================================
Received Import Request.
  Time since last request: 52.597338 seconds.
  path: Assets/Organic assets/02 Visual assets/07 Characters/Humanoid/Bones/HumanoidFrontBones.prefab
  artifactKey: Guid(4f1162f388a31f74c8c356348510a409) Importer(815301076,1909f56bfc062723c751e8b465ee728b)
Start importing Assets/Organic assets/02 Visual assets/07 Characters/Humanoid/Bones/HumanoidFrontBones.prefab using Guid(4f1162f388a31f74c8c356348510a409) Importer(815301076,1909f56bfc062723c751e8b465ee728b) [PhysX] Initialized MultithreadedTaskDispatcher with 16 workers.
[PhysX] Initialized MultithreadedTaskDispatcher with 16 workers.
 -> (artifact id: '490260f3952485a57c15d5dd598b730e') in 0.038374 seconds
Number of updated asset objects reloaded before import = 0
Number of asset objects unloaded after import = 224
========================================================================
Received Import Request.
  Time since last request: 211.781954 seconds.
  path: Assets/Organic assets/02 Visual assets/07 Characters/Humanoid/Prefab/HumanoidFrontSprite.prefab
  artifactKey: Guid(df53a630e4adbd749932dcd2e053ae9c) Importer(815301076,1909f56bfc062723c751e8b465ee728b)
Start importing Assets/Organic assets/02 Visual assets/07 Characters/Humanoid/Prefab/HumanoidFrontSprite.prefab using Guid(df53a630e4adbd749932dcd2e053ae9c) Importer(815301076,1909f56bfc062723c751e8b465ee728b) [PhysX] Initialized MultithreadedTaskDispatcher with 16 workers.
[PhysX] Initialized MultithreadedTaskDispatcher with 16 workers.
 -> (artifact id: 'efa6806da85a6ed1f672b32092459eac') in 0.075005 seconds
Number of updated asset objects reloaded before import = 0
Number of asset objects unloaded after import = 528
========================================================================
Received Import Request.
  Time since last request: 846.606590 seconds.
  path: Assets/Organic assets/02 Visual assets/07 Characters/Humanoid/Bones/HumanoidFrontBones.prefab
  artifactKey: Guid(4f1162f388a31f74c8c356348510a409) Importer(815301076,1909f56bfc062723c751e8b465ee728b)
Start importing Assets/Organic assets/02 Visual assets/07 Characters/Humanoid/Bones/HumanoidFrontBones.prefab using Guid(4f1162f388a31f74c8c356348510a409) Importer(815301076,1909f56bfc062723c751e8b465ee728b) [PhysX] Initialized MultithreadedTaskDispatcher with 16 workers.
 -> (artifact id: '711b9b162b899dd2a0802b1177ff2e08') in 0.005294 seconds
Number of updated asset objects reloaded before import = 0
Number of asset objects unloaded after import = 28
========================================================================
Received Import Request.
  Time since last request: 711.940081 seconds.
  path: Assets/Organic assets/02 Visual assets/04 Characters in menu/CharacterDisplay/Sources/Body5_Butcher/Torso_Butcher.psd
  artifactKey: Guid(2f85415a19e152547b4a87706c6d2999) Importer(815301076,1909f56bfc062723c751e8b465ee728b)
Start importing Assets/Organic assets/02 Visual assets/04 Characters in menu/CharacterDisplay/Sources/Body5_Butcher/Torso_Butcher.psd using Guid(2f85415a19e152547b4a87706c6d2999) Importer(815301076,1909f56bfc062723c751e8b465ee728b) [PhysX] Initialized MultithreadedTaskDispatcher with 16 workers.
[PhysX] Initialized MultithreadedTaskDispatcher with 16 workers.
 -> (artifact id: '5d021038a43e1f835fd6dec050fd3564') in 0.038600 seconds
Number of updated asset objects reloaded before import = 0
Number of asset objects unloaded after import = 3
========================================================================
Received Import Request.
  Time since last request: 0.002062 seconds.
  path: Assets/Organic assets/02 Visual assets/04 Characters in menu/CharacterDisplay/Sources/Body6_Vaporous/Torso_Vaporous.psd
  artifactKey: Guid(36e3c2d4e7c26d445a9c3733c487788a) Importer(815301076,1909f56bfc062723c751e8b465ee728b)
Start importing Assets/Organic assets/02 Visual assets/04 Characters in menu/CharacterDisplay/Sources/Body6_Vaporous/Torso_Vaporous.psd using Guid(36e3c2d4e7c26d445a9c3733c487788a) Importer(815301076,1909f56bfc062723c751e8b465ee728b) [PhysX] Initialized MultithreadedTaskDispatcher with 16 workers.
[PhysX] Initialized MultithreadedTaskDispatcher with 16 workers.
 -> (artifact id: 'e280c42767a79753735f94d73746b572') in 0.024524 seconds
Number of updated asset objects reloaded before import = 0
Number of asset objects unloaded after import = 3
========================================================================
Received Import Request.
  Time since last request: 0.003589 seconds.
  path: Assets/Organic assets/02 Visual assets/02 UI components/GenericContainers/UI_Circle_Empty.psd
  artifactKey: Guid(8b50fe592e9e35a4784ecd25268fe2e3) Importer(815301076,1909f56bfc062723c751e8b465ee728b)
Start importing Assets/Organic assets/02 Visual assets/02 UI components/GenericContainers/UI_Circle_Empty.psd using Guid(8b50fe592e9e35a4784ecd25268fe2e3) Importer(815301076,1909f56bfc062723c751e8b465ee728b) [PhysX] Initialized MultithreadedTaskDispatcher with 16 workers.
[PhysX] Initialized MultithreadedTaskDispatcher with 16 workers.
 -> (artifact id: '78f3eae919036d0c68dc1c0ef081e069') in 0.023931 seconds
Number of updated asset objects reloaded before import = 0
Number of asset objects unloaded after import = 3
========================================================================
Received Import Request.
  Time since last request: 0.000040 seconds.
  path: Assets/Organic assets/02 Visual assets/02 UI components/GenericContainers/UIPanelBackgroundSimpleBlack.psd
  artifactKey: Guid(215657362f9733641b2a87b56b046645) Importer(815301076,1909f56bfc062723c751e8b465ee728b)
Start importing Assets/Organic assets/02 Visual assets/02 UI components/GenericContainers/UIPanelBackgroundSimpleBlack.psd using Guid(215657362f9733641b2a87b56b046645) Importer(815301076,1909f56bfc062723c751e8b465ee728b) [PhysX] Initialized MultithreadedTaskDispatcher with 16 workers.
[PhysX] Initialized MultithreadedTaskDispatcher with 16 workers.
 -> (artifact id: '6a42e2a19468494c75f43bb28249c909') in 0.031042 seconds
Number of updated asset objects reloaded before import = 0
Number of asset objects unloaded after import = 3
========================================================================
Received Import Request.
  Time since last request: 0.000032 seconds.
  path: Assets/Organic assets/02 Visual assets/01 Startscreen/Source/white_background.png
  artifactKey: Guid(01c4ed3e777f32342af722acf50a66f0) Importer(815301076,1909f56bfc062723c751e8b465ee728b)
Start importing Assets/Organic assets/02 Visual assets/01 Startscreen/Source/white_background.png using Guid(01c4ed3e777f32342af722acf50a66f0) Importer(815301076,1909f56bfc062723c751e8b465ee728b) [PhysX] Initialized MultithreadedTaskDispatcher with 16 workers.
[PhysX] Initialized MultithreadedTaskDispatcher with 16 workers.
 -> (artifact id: '31e9e1018b347bc3dadd6517dc960c15') in 0.031588 seconds
Number of updated asset objects reloaded before import = 0
Number of asset objects unloaded after import = 3
========================================================================
Received Import Request.
  Time since last request: 0.000033 seconds.
  path: Assets/Organic assets/02 Visual assets/04 Characters in menu/CharacterDisplay/Sources/Body7_Woody/Torso_Woody.psd
  artifactKey: Guid(c6a2eab5de9e24a4da66f9eab7060fc9) Importer(815301076,1909f56bfc062723c751e8b465ee728b)
Start importing Assets/Organic assets/02 Visual assets/04 Characters in menu/CharacterDisplay/Sources/Body7_Woody/Torso_Woody.psd using Guid(c6a2eab5de9e24a4da66f9eab7060fc9) Importer(815301076,1909f56bfc062723c751e8b465ee728b) [PhysX] Initialized MultithreadedTaskDispatcher with 16 workers.
[PhysX] Initialized MultithreadedTaskDispatcher with 16 workers.
 -> (artifact id: 'f247cd71e5c37ec3df426282b078c120') in 0.027614 seconds
Number of updated asset objects reloaded before import = 0
Number of asset objects unloaded after import = 3
========================================================================
Received Import Request.
  Time since last request: 0.000044 seconds.
  path: Assets/Organic assets/02 Visual assets/02 UI components/GenericContainers/UI_Circle_Transparent.psd
  artifactKey: Guid(fcefc2fe3b9257f4a9522c584d8fd045) Importer(815301076,1909f56bfc062723c751e8b465ee728b)
Start importing Assets/Organic assets/02 Visual assets/02 UI components/GenericContainers/UI_Circle_Transparent.psd using Guid(fcefc2fe3b9257f4a9522c584d8fd045) Importer(815301076,1909f56bfc062723c751e8b465ee728b) [PhysX] Initialized MultithreadedTaskDispatcher with 16 workers.
[PhysX] Initialized MultithreadedTaskDispatcher with 16 workers.
 -> (artifact id: '35d1ab0424ecb3ed7fc59edb18062d98') in 0.028516 seconds
Number of updated asset objects reloaded before import = 0
Number of asset objects unloaded after import = 3
========================================================================
Received Import Request.
  Time since last request: 0.000060 seconds.
  path: Assets/Organic assets/02 Visual assets/02 UI components/GenericContainers/UIPanelButtonLeanInteraction.psd
  artifactKey: Guid(09e02b39322e4674787e49488e1b6f85) Importer(815301076,1909f56bfc062723c751e8b465ee728b)
Start importing Assets/Organic assets/02 Visual assets/02 UI components/GenericContainers/UIPanelButtonLeanInteraction.psd using Guid(09e02b39322e4674787e49488e1b6f85) Importer(815301076,1909f56bfc062723c751e8b465ee728b) [PhysX] Initialized MultithreadedTaskDispatcher with 16 workers.
[PhysX] Initialized MultithreadedTaskDispatcher with 16 workers.
 -> (artifact id: 'e8dbd925fbe4e622a9b16e34c0a6052a') in 0.026634 seconds
Number of updated asset objects reloaded before import = 0
Number of asset objects unloaded after import = 3
========================================================================
Received Import Request.
  Time since last request: 0.000034 seconds.
  path: Assets/Organic assets/02 Visual assets/02 UI components/Icons/UI_Knob.psd
  artifactKey: Guid(ce4705d272a18634396a10ef9c0dc5b5) Importer(815301076,1909f56bfc062723c751e8b465ee728b)
Start importing Assets/Organic assets/02 Visual assets/02 UI components/Icons/UI_Knob.psd using Guid(ce4705d272a18634396a10ef9c0dc5b5) Importer(815301076,1909f56bfc062723c751e8b465ee728b) [PhysX] Initialized MultithreadedTaskDispatcher with 16 workers.
[PhysX] Initialized MultithreadedTaskDispatcher with 16 workers.
 -> (artifact id: '00f241c78ae1269775afcd31d8332354') in 0.034482 seconds
Number of updated asset objects reloaded before import = 0
Number of asset objects unloaded after import = 3
========================================================================
Received Import Request.
  Time since last request: 0.000043 seconds.
  path: Assets/Organic assets/02 Visual assets/02 UI components/GenericContainers/UIPanelBackgroundBlack.psd
  artifactKey: Guid(08777b54bef05254a8561f7130ba44b6) Importer(815301076,1909f56bfc062723c751e8b465ee728b)
Start importing Assets/Organic assets/02 Visual assets/02 UI components/GenericContainers/UIPanelBackgroundBlack.psd using Guid(08777b54bef05254a8561f7130ba44b6) Importer(815301076,1909f56bfc062723c751e8b465ee728b) [PhysX] Initialized MultithreadedTaskDispatcher with 16 workers.
[PhysX] Initialized MultithreadedTaskDispatcher with 16 workers.
 -> (artifact id: '8262eed5664a18d5e283cde9ba0f701f') in 0.023892 seconds
Number of updated asset objects reloaded before import = 0
Number of asset objects unloaded after import = 3
========================================================================
Received Import Request.
  Time since last request: 0.000036 seconds.
  path: Assets/Organic assets/02 Visual assets/04 Characters in menu/CharacterDisplay/Sources/Body3_Infested/Torso_Infested.psd
  artifactKey: Guid(f0f769a1b4a28d242933e36c5abece6c) Importer(815301076,1909f56bfc062723c751e8b465ee728b)
Start importing Assets/Organic assets/02 Visual assets/04 Characters in menu/CharacterDisplay/Sources/Body3_Infested/Torso_Infested.psd using Guid(f0f769a1b4a28d242933e36c5abece6c) Importer(815301076,1909f56bfc062723c751e8b465ee728b) [PhysX] Initialized MultithreadedTaskDispatcher with 16 workers.
[PhysX] Initialized MultithreadedTaskDispatcher with 16 workers.
 -> (artifact id: '13a9b4f22e55781e78c0c703568ff57f') in 0.029877 seconds
Number of updated asset objects reloaded before import = 0
Number of asset objects unloaded after import = 3
========================================================================
Received Import Request.
  Time since last request: 0.000033 seconds.
  path: Assets/Organic assets/02 Visual assets/02 UI components/GenericContainers/UI_Circle_EmptyLean.psd
  artifactKey: Guid(0c5ba4818256c0f4b9cabf7f12896388) Importer(815301076,1909f56bfc062723c751e8b465ee728b)
Start importing Assets/Organic assets/02 Visual assets/02 UI components/GenericContainers/UI_Circle_EmptyLean.psd using Guid(0c5ba4818256c0f4b9cabf7f12896388) Importer(815301076,1909f56bfc062723c751e8b465ee728b) [PhysX] Initialized MultithreadedTaskDispatcher with 16 workers.
[PhysX] Initialized MultithreadedTaskDispatcher with 16 workers.
 -> (artifact id: '6ef7ca714425477a37f89c56809f6f37') in 0.028900 seconds
Number of updated asset objects reloaded before import = 0
Number of asset objects unloaded after import = 3
========================================================================
Received Import Request.
  Time since last request: 0.000047 seconds.
  path: Assets/Organic assets/02 Visual assets/02 UI components/GenericContainers/UIPanelBackgroundWhite.psd
  artifactKey: Guid(f5817244f0ce92843a4cceceece74775) Importer(815301076,1909f56bfc062723c751e8b465ee728b)
Start importing Assets/Organic assets/02 Visual assets/02 UI components/GenericContainers/UIPanelBackgroundWhite.psd using Guid(f5817244f0ce92843a4cceceece74775) Importer(815301076,1909f56bfc062723c751e8b465ee728b) [PhysX] Initialized MultithreadedTaskDispatcher with 16 workers.
[PhysX] Initialized MultithreadedTaskDispatcher with 16 workers.
 -> (artifact id: 'c2ec1ae42adf87a8b01e68690da39827') in 0.026034 seconds
Number of updated asset objects reloaded before import = 0
Number of asset objects unloaded after import = 3
========================================================================
Received Import Request.
  Time since last request: 0.000060 seconds.
  path: Assets/Organic assets/02 Visual assets/02 UI components/GenericContainers/UIPanelButtonLean.psd
  artifactKey: Guid(d21482e02ac5c8b428d37ac827aa50f8) Importer(815301076,1909f56bfc062723c751e8b465ee728b)
Start importing Assets/Organic assets/02 Visual assets/02 UI components/GenericContainers/UIPanelButtonLean.psd using Guid(d21482e02ac5c8b428d37ac827aa50f8) Importer(815301076,1909f56bfc062723c751e8b465ee728b) [PhysX] Initialized MultithreadedTaskDispatcher with 16 workers.
[PhysX] Initialized MultithreadedTaskDispatcher with 16 workers.
 -> (artifact id: 'cd708cd78a5c19ea745a9b2a8b533282') in 0.030211 seconds
Number of updated asset objects reloaded before import = 0
Number of asset objects unloaded after import = 3
========================================================================
Received Import Request.
  Time since last request: 0.000044 seconds.
  path: Assets/Organic assets/02 Visual assets/02 UI components/GenericContainers/UI_Circle_Filled.psd
  artifactKey: Guid(81ad4b3b5a5aab4419bd6f36788a276f) Importer(815301076,1909f56bfc062723c751e8b465ee728b)
Start importing Assets/Organic assets/02 Visual assets/02 UI components/GenericContainers/UI_Circle_Filled.psd using Guid(81ad4b3b5a5aab4419bd6f36788a276f) Importer(815301076,1909f56bfc062723c751e8b465ee728b) [PhysX] Initialized MultithreadedTaskDispatcher with 16 workers.
[PhysX] Initialized MultithreadedTaskDispatcher with 16 workers.
 -> (artifact id: '1a12777e9e265c5ee3e219bddeaf2f64') in 0.027557 seconds
Number of updated asset objects reloaded before import = 0
Number of asset objects unloaded after import = 3
========================================================================
Received Import Request.
  Time since last request: 52.758962 seconds.
  path: Assets/Organic assets/02 Visual assets/02 UI components/Icons/Icon_InGame_Action_Build.psd
  artifactKey: Guid(45b9dc27cc83b544aaeb8a97d059308d) Importer(815301076,1909f56bfc062723c751e8b465ee728b)
Start importing Assets/Organic assets/02 Visual assets/02 UI components/Icons/Icon_InGame_Action_Build.psd using Guid(45b9dc27cc83b544aaeb8a97d059308d) Importer(815301076,1909f56bfc062723c751e8b465ee728b) [PhysX] Initialized MultithreadedTaskDispatcher with 16 workers.
[PhysX] Initialized MultithreadedTaskDispatcher with 16 workers.
 -> (artifact id: 'cb6c756c02d36f25718cf6c00995cb38') in 0.027919 seconds
Number of updated asset objects reloaded before import = 0
Number of asset objects unloaded after import = 3
========================================================================
Received Import Request.
  Time since last request: 0.000040 seconds.
  path: Assets/Organic assets/02 Visual assets/02 UI components/Icons/Icon_InGame_InvadeButton.psd
  artifactKey: Guid(952c7f1736627be4781a3d63014abe4c) Importer(815301076,1909f56bfc062723c751e8b465ee728b)
Start importing Assets/Organic assets/02 Visual assets/02 UI components/Icons/Icon_InGame_InvadeButton.psd using Guid(952c7f1736627be4781a3d63014abe4c) Importer(815301076,1909f56bfc062723c751e8b465ee728b) [PhysX] Initialized MultithreadedTaskDispatcher with 16 workers.
[PhysX] Initialized MultithreadedTaskDispatcher with 16 workers.
 -> (artifact id: '12a7e8496f8bccc0bb22f41f7690dce3') in 0.024340 seconds
Number of updated asset objects reloaded before import = 0
Number of asset objects unloaded after import = 3
========================================================================
Received Import Request.
  Time since last request: 0.000045 seconds.
  path: Assets/Organic assets/02 Visual assets/02 UI components/SpecificContainers/InGame_UI_Bar.psd
  artifactKey: Guid(6be4d039596c7e647a51db78b6f22f71) Importer(815301076,1909f56bfc062723c751e8b465ee728b)
Start importing Assets/Organic assets/02 Visual assets/02 UI components/SpecificContainers/InGame_UI_Bar.psd using Guid(6be4d039596c7e647a51db78b6f22f71) Importer(815301076,1909f56bfc062723c751e8b465ee728b) [PhysX] Initialized MultithreadedTaskDispatcher with 16 workers.
[PhysX] Initialized MultithreadedTaskDispatcher with 16 workers.
 -> (artifact id: '7e422da5d8d00a2df8440c341a21b5fc') in 0.027765 seconds
Number of updated asset objects reloaded before import = 0
Number of asset objects unloaded after import = 3
========================================================================
Received Import Request.
  Time since last request: 0.000036 seconds.
  path: Assets/Organic assets/02 Visual assets/04 Characters in menu/CharacterDisplay/Sources/Body6_Vaporous/LeftArm_Vaporous.psd
  artifactKey: Guid(927bf6d871ce5224eb1459c7fceae9be) Importer(815301076,1909f56bfc062723c751e8b465ee728b)
Start importing Assets/Organic assets/02 Visual assets/04 Characters in menu/CharacterDisplay/Sources/Body6_Vaporous/LeftArm_Vaporous.psd using Guid(927bf6d871ce5224eb1459c7fceae9be) Importer(815301076,1909f56bfc062723c751e8b465ee728b) [PhysX] Initialized MultithreadedTaskDispatcher with 16 workers.
[PhysX] Initialized MultithreadedTaskDispatcher with 16 workers.
 -> (artifact id: 'abaaa6b3d628a09af949a2b176b7129d') in 0.026628 seconds
Number of updated asset objects reloaded before import = 0
Number of asset objects unloaded after import = 3
========================================================================
Received Import Request.
  Time since last request: 0.000048 seconds.
  path: Assets/Organic assets/02 Visual assets/02 UI components/Icons/Icon_InGame_MeditateButton.psd
  artifactKey: Guid(78adff63b8627664c8ee590ed1657502) Importer(815301076,1909f56bfc062723c751e8b465ee728b)
Start importing Assets/Organic assets/02 Visual assets/02 UI components/Icons/Icon_InGame_MeditateButton.psd using Guid(78adff63b8627664c8ee590ed1657502) Importer(815301076,1909f56bfc062723c751e8b465ee728b) [PhysX] Initialized MultithreadedTaskDispatcher with 16 workers.
[PhysX] Initialized MultithreadedTaskDispatcher with 16 workers.
 -> (artifact id: '958c3c79907a17d406410af24acfc335') in 0.023439 seconds
Number of updated asset objects reloaded before import = 0
Number of asset objects unloaded after import = 3
========================================================================
Received Import Request.
  Time since last request: 0.000039 seconds.
  path: Assets/Organic assets/02 Visual assets/02 UI components/Icons/Icon_InGame_MoveModeSelection.psd
  artifactKey: Guid(fbb04043ab43029499a8789eefe451f3) Importer(815301076,1909f56bfc062723c751e8b465ee728b)
Start importing Assets/Organic assets/02 Visual assets/02 UI components/Icons/Icon_InGame_MoveModeSelection.psd using Guid(fbb04043ab43029499a8789eefe451f3) Importer(815301076,1909f56bfc062723c751e8b465ee728b) [PhysX] Initialized MultithreadedTaskDispatcher with 16 workers.
[PhysX] Initialized MultithreadedTaskDispatcher with 16 workers.
 -> (artifact id: 'cf229c78244c30ec2bc81f8d421b0b19') in 0.026619 seconds
Number of updated asset objects reloaded before import = 0
Number of asset objects unloaded after import = 3
========================================================================
Received Import Request.
  Time since last request: 140.377759 seconds.
  path: Assets/Organic assets/02 Visual assets/04 Characters in menu/CharacterDisplay/Sources/Body4_Nyla/RightFoot_Egypt.psd
  artifactKey: Guid(5ddc8313dfedfbf4eaa4cb00611be669) Importer(815301076,1909f56bfc062723c751e8b465ee728b)
Start importing Assets/Organic assets/02 Visual assets/04 Characters in menu/CharacterDisplay/Sources/Body4_Nyla/RightFoot_Egypt.psd using Guid(5ddc8313dfedfbf4eaa4cb00611be669) Importer(815301076,1909f56bfc062723c751e8b465ee728b) [PhysX] Initialized MultithreadedTaskDispatcher with 16 workers.
[PhysX] Initialized MultithreadedTaskDispatcher with 16 workers.
 -> (artifact id: '801a7effb8cb25756ec7a0e97ba9565a') in 0.023764 seconds
Number of updated asset objects reloaded before import = 0
Number of asset objects unloaded after import = 3
========================================================================
Received Import Request.
  Time since last request: 0.000037 seconds.
  path: Assets/Organic assets/02 Visual assets/04 Characters in menu/CharacterDisplay/Sources/Body6_Vaporous/RightFoot_Vaporous.psd
  artifactKey: Guid(43c264de027a1344b86901241a5ce12d) Importer(815301076,1909f56bfc062723c751e8b465ee728b)
Start importing Assets/Organic assets/02 Visual assets/04 Characters in menu/CharacterDisplay/Sources/Body6_Vaporous/RightFoot_Vaporous.psd using Guid(43c264de027a1344b86901241a5ce12d) Importer(815301076,1909f56bfc062723c751e8b465ee728b) [PhysX] Initialized MultithreadedTaskDispatcher with 16 workers.
[PhysX] Initialized MultithreadedTaskDispatcher with 16 workers.
 -> (artifact id: '5fcfaac79aeaf076663d558055b271cc') in 0.022147 seconds
Number of updated asset objects reloaded before import = 0
Number of asset objects unloaded after import = 3
========================================================================
Received Import Request.
  Time since last request: 0.000042 seconds.
  path: Assets/Organic assets/02 Visual assets/04 Characters in menu/CharacterDisplay/Sources/Body7_Woody/RightFoot_Woody.psd
  artifactKey: Guid(455965bec07484345bed669a6437f4b9) Importer(815301076,1909f56bfc062723c751e8b465ee728b)
Start importing Assets/Organic assets/02 Visual assets/04 Characters in menu/CharacterDisplay/Sources/Body7_Woody/RightFoot_Woody.psd using Guid(455965bec07484345bed669a6437f4b9) Importer(815301076,1909f56bfc062723c751e8b465ee728b) [PhysX] Initialized MultithreadedTaskDispatcher with 16 workers.
[PhysX] Initialized MultithreadedTaskDispatcher with 16 workers.
 -> (artifact id: 'b306b6cba8ba9b2422a759ff6c8d9834') in 0.026321 seconds
Number of updated asset objects reloaded before import = 0
Number of asset objects unloaded after import = 3
========================================================================
Received Import Request.
  Time since last request: 0.000033 seconds.
  path: Assets/Organic assets/02 Visual assets/04 Characters in menu/CharacterDisplay/Sources/Body4_Nyla/RightImp_Egypt.psd
  artifactKey: Guid(fbf51bb8a4765a5448019d842e78866e) Importer(815301076,1909f56bfc062723c751e8b465ee728b)
Start importing Assets/Organic assets/02 Visual assets/04 Characters in menu/CharacterDisplay/Sources/Body4_Nyla/RightImp_Egypt.psd using Guid(fbf51bb8a4765a5448019d842e78866e) Importer(815301076,1909f56bfc062723c751e8b465ee728b) [PhysX] Initialized MultithreadedTaskDispatcher with 16 workers.
[PhysX] Initialized MultithreadedTaskDispatcher with 16 workers.
 -> (artifact id: 'c114e90a18fd9e26e11135d7d6b11efe') in 0.023528 seconds
Number of updated asset objects reloaded before import = 0
Number of asset objects unloaded after import = 3
========================================================================
Received Import Request.
  Time since last request: 0.000033 seconds.
  path: Assets/Organic assets/02 Visual assets/04 Characters in menu/CharacterDisplay/Sources/Body8_Rocky/RightImp_Rocky.psd
  artifactKey: Guid(cfbf3fa8cf671984da0b4f3ac6e11266) Importer(815301076,1909f56bfc062723c751e8b465ee728b)
Start importing Assets/Organic assets/02 Visual assets/04 Characters in menu/CharacterDisplay/Sources/Body8_Rocky/RightImp_Rocky.psd using Guid(cfbf3fa8cf671984da0b4f3ac6e11266) Importer(815301076,1909f56bfc062723c751e8b465ee728b) [PhysX] Initialized MultithreadedTaskDispatcher with 16 workers.
[PhysX] Initialized MultithreadedTaskDispatcher with 16 workers.
 -> (artifact id: '13b74dad5e5a3b1abb485a2cedf6103b') in 0.025151 seconds
Number of updated asset objects reloaded before import = 0
Number of asset objects unloaded after import = 3
========================================================================
Received Import Request.
  Time since last request: 0.000051 seconds.
  path: Assets/Organic assets/02 Visual assets/04 Characters in menu/CharacterDisplay/Sources/Body8_Rocky/RightFoot_Rocky.psd
  artifactKey: Guid(0851c6aa2ffcdac4a8618349895f9c49) Importer(815301076,1909f56bfc062723c751e8b465ee728b)
Start importing Assets/Organic assets/02 Visual assets/04 Characters in menu/CharacterDisplay/Sources/Body8_Rocky/RightFoot_Rocky.psd using Guid(0851c6aa2ffcdac4a8618349895f9c49) Importer(815301076,1909f56bfc062723c751e8b465ee728b) [PhysX] Initialized MultithreadedTaskDispatcher with 16 workers.
[PhysX] Initialized MultithreadedTaskDispatcher with 16 workers.
 -> (artifact id: 'd5a8f63126f275bc3a7caa9922aa9589') in 0.024116 seconds
Number of updated asset objects reloaded before import = 0
Number of asset objects unloaded after import = 3
========================================================================
Received Import Request.
  Time since last request: 79.450695 seconds.
  path: Assets/Organic assets/02 Visual assets/04 Characters in menu/CharacterDisplay/Sources/Body3_Infested/LeftFoot_Infested.psd
  artifactKey: Guid(1a7c732e639d40f4d8a51430eaf04ac7) Importer(815301076,1909f56bfc062723c751e8b465ee728b)
Start importing Assets/Organic assets/02 Visual assets/04 Characters in menu/CharacterDisplay/Sources/Body3_Infested/LeftFoot_Infested.psd using Guid(1a7c732e639d40f4d8a51430eaf04ac7) Importer(815301076,1909f56bfc062723c751e8b465ee728b) [PhysX] Initialized MultithreadedTaskDispatcher with 16 workers.
[PhysX] Initialized MultithreadedTaskDispatcher with 16 workers.
 -> (artifact id: '3e84bfd2f2dbdae40e315e24f91cd3bf') in 0.028133 seconds
Number of updated asset objects reloaded before import = 0
Number of asset objects unloaded after import = 3
========================================================================
Received Import Request.
  Time since last request: 0.137062 seconds.
  path: Assets/Organic assets/02 Visual assets/04 Characters in menu/CharacterDisplay/Sources/Body7_Woody/LeftFoot_Woody.psd
  artifactKey: Guid(4cdf681b62391c247b208469d5dd8712) Importer(815301076,1909f56bfc062723c751e8b465ee728b)
Start importing Assets/Organic assets/02 Visual assets/04 Characters in menu/CharacterDisplay/Sources/Body7_Woody/LeftFoot_Woody.psd using Guid(4cdf681b62391c247b208469d5dd8712) Importer(815301076,1909f56bfc062723c751e8b465ee728b) [PhysX] Initialized MultithreadedTaskDispatcher with 16 workers.
[PhysX] Initialized MultithreadedTaskDispatcher with 16 workers.
 -> (artifact id: '3bc5cff0037208b356b9baa2af9be0f3') in 0.022080 seconds
Number of updated asset objects reloaded before import = 0
Number of asset objects unloaded after import = 3
========================================================================
Received Import Request.
  Time since last request: 0.000029 seconds.
  path: Assets/Organic assets/02 Visual assets/04 Characters in menu/CharacterDisplay/Sources/Body4_Nyla/LeftImp_Egypt.psd
  artifactKey: Guid(b72a0429153b5fa4ab6645260dd5a6ad) Importer(815301076,1909f56bfc062723c751e8b465ee728b)
Start importing Assets/Organic assets/02 Visual assets/04 Characters in menu/CharacterDisplay/Sources/Body4_Nyla/LeftImp_Egypt.psd using Guid(b72a0429153b5fa4ab6645260dd5a6ad) Importer(815301076,1909f56bfc062723c751e8b465ee728b) [PhysX] Initialized MultithreadedTaskDispatcher with 16 workers.
[PhysX] Initialized MultithreadedTaskDispatcher with 16 workers.
 -> (artifact id: '2b74efde2a3083cc118a60a8a36012d0') in 0.022351 seconds
Number of updated asset objects reloaded before import = 0
Number of asset objects unloaded after import = 3
========================================================================
Received Import Request.
  Time since last request: 0.000038 seconds.
  path: Assets/Organic assets/02 Visual assets/04 Characters in menu/CharacterDisplay/Sources/Body3_Infested/LeftImp_Infested.psd
  artifactKey: Guid(cfdda3052eef9f248824e1afee6ef465) Importer(815301076,1909f56bfc062723c751e8b465ee728b)
Start importing Assets/Organic assets/02 Visual assets/04 Characters in menu/CharacterDisplay/Sources/Body3_Infested/LeftImp_Infested.psd using Guid(cfdda3052eef9f248824e1afee6ef465) Importer(815301076,1909f56bfc062723c751e8b465ee728b) [PhysX] Initialized MultithreadedTaskDispatcher with 16 workers.
[PhysX] Initialized MultithreadedTaskDispatcher with 16 workers.
 -> (artifact id: '9488cc4549f8061efa9505a484068aab') in 0.023578 seconds
Number of updated asset objects reloaded before import = 0
Number of asset objects unloaded after import = 3
========================================================================
Received Import Request.
  Time since last request: 39.449457 seconds.
  path: Assets/Organic assets/02 Visual assets/04 Characters in menu/CharacterDisplay/Sources/Body6_Vaporous/LeftImp_Vaporous.psd
  artifactKey: Guid(a9ac8fea580f93e41bc57492762b1113) Importer(815301076,1909f56bfc062723c751e8b465ee728b)
Start importing Assets/Organic assets/02 Visual assets/04 Characters in menu/CharacterDisplay/Sources/Body6_Vaporous/LeftImp_Vaporous.psd using Guid(a9ac8fea580f93e41bc57492762b1113) Importer(815301076,1909f56bfc062723c751e8b465ee728b) [PhysX] Initialized MultithreadedTaskDispatcher with 16 workers.
[PhysX] Initialized MultithreadedTaskDispatcher with 16 workers.
 -> (artifact id: '7f14ab66fed026b9f83e7949f65215a5') in 0.023515 seconds
Number of updated asset objects reloaded before import = 0
Number of asset objects unloaded after import = 3
Editor requested this worker to shutdown with reason: Scaling down because of idle timeout
TcpMessagingSession - receive error: operation aborted. errorcode: 995, details: The I/O operation has been aborted because of either a thread exit or an application request.
AssetImportWorker is now disconnected from the server
Process exiting
Exiting without the bug reporter. Application will terminate with return code 0